,Anomalies(#),Blockade(#),DeepSurveyedGoals(#),DeepSurveyedGoals(Positions),Goals(#),Hotspots(Positions),RemoraAttacks(#),SurveyedGoals(#),SurveyedGoals(Positions),Time,index
0,0,0,0,,0,,0,0,,599.0,0
1,0,0,0,,1,Tx1y3,0,1,Tx1y3,593.0,0
2,2,0,1,Tx1y3,2,Tx1y3,2,1,Tx1y3,563.0,0
3,5,1,1,Tx1y3,3,Tx1y3,4,2,Tx2y3;Tx1y3,551.0,0
4,6,1,1,Tx1y3,4,Tx1y3,5,3,Tx0y3;Tx2y3;Tx1y3,539.0,0
5,8,2,1,Tx1y3,5,Tx1y3,6,4,Tx0y3;Tx2y3;Tx3y3;Tx1y3,523.0,0
6,9,3,1,Tx1y3,6,Tx1y3,6,5,Tx0y3;Tx2y3;Tx2y2;Tx3y3;Tx1y3,507.0,0
7,11,4,1,Tx1y3,7,Tx1y3,7,6,Tx2y4;Tx0y3;Tx2y3;Tx2y2;Tx3y3;Tx1y3,486.0,0
8,12,4,1,Tx1y3,8,Tx1y3,8,7,Tx0y3;Tx2y3;Tx2y2;Tx3y4;Tx3y3;Tx2y4;Tx1y3,474.0,0
9,14,5,1,Tx1y3,9,Tx1y3,9,8,Tx0y3;Tx2y1;Tx2y3;Tx2y2;Tx3y4;Tx3y3;Tx2y4;Tx1y3,452.0,0
10,15,5,1,Tx1y3,10,Tx1y3,10,9,Tx0y3;Tx2y1;Tx2y3;Tx2y2;Tx3y4;Tx3y2;Tx3y3;Tx2y4;Tx1y3,436.0,0
11,16,6,1,Tx1y3,11,Tx1y3,10,10,Tx0y3;Tx2y1;Tx2y3;Tx2y2;Tx3y4;Tx3y2;Tx3y3;Tx2y4;Tx4y2;Tx1y3,424.0,0
12,17,6,1,Tx1y3,12,Tx3y1;Tx1y3,11,11,Tx0y3;Tx2y1;Tx2y3;Tx2y2;Tx3y1;Tx3y4;Tx3y2;Tx3y3;Tx2y4;Tx4y2;Tx1y3,411.0,0
13,18,6,2,Tx3y1;Tx1y3,13,Tx1y3;Tx3y1,12,11,Tx0y3;Tx2y1;Tx2y3;Tx2y2;Tx3y1;Tx3y4;Tx3y2;Tx3y3;Tx2y4;Tx4y2;Tx1y3,397.0,0
14,19,6,2,Tx3y1;Tx1y3,14,Tx3y1;Tx1y3,13,12,Tx0y3;Tx2y1;Tx2y3;Tx2y2;Tx3y1;Tx3y4;Tx3y2;Tx3y3;Tx3y0;Tx2y4;Tx4y2;Tx1y3,388.0,0
15,19,6,2,Tx3y1;Tx1y3,15,Tx3y1;Tx1y3,13,13,Tx0y3;Tx2y1;Tx2y3;Tx2y2;Tx3y1;Tx3y4;Tx3y2;Tx3y3;Tx3y0;Tx2y4;Tx4y1;Tx4y2;Tx1y3,378.0,0
16,20,6,2,Tx3y1;Tx1y3,16,Tx3y1;Tx1y3,14,14,Tx0y3;Tx4y0;Tx2y1;Tx2y3;Tx2y2;Tx3y1;Tx3y4;Tx3y2;Tx3y3;Tx3y0;Tx2y4;Tx4y1;Tx4y2;Tx1y3,361.0,0
17,21,6,2,Tx3y1;Tx1y3,17,Tx3y1;Tx1y3,15,15,Tx0y3;Tx4y0;Tx2y3;Tx2y2;Tx3y1;Tx3y4;Tx3y2;Tx3y3;Tx3y0;Tx2y4;Tx2y1;Tx2y0;Tx4y1;Tx4y2;Tx1y3,349.0,0
18,23,7,2,Tx3y1;Tx1y3,18,Tx3y1;Tx1y3,16,16,Tx0y3;Tx4y0;Tx2y3;Tx2y2;Tx3y1;Tx3y4;Tx3y2;Tx3y3;Tx3y0;Tx2y4;Tx2y1;Tx2y0;Tx4y1;Tx4y2;Tx1y3;Tx1y1,333.0,0
19,24,7,2,Tx3y1;Tx1y3,19,Tx3y1;Tx1y3,17,17,Tx0y3;Tx4y0;Tx2y3;Tx2y2;Tx3y1;Tx3y4;Tx3y2;Tx3y3;Tx3y0;Tx2y4;Tx2y1;Tx1y0;Tx2y0;Tx4y1;Tx4y2;Tx1y3;Tx1y1,322.0,0
20,27,9,2,Tx3y1;Tx1y3,20,Tx3y1;Tx1y3,18,18,Tx0y3;Tx0y1;Tx2y3;Tx2y2;Tx3y1;Tx3y4;Tx3y2;Tx3y3;Tx3y0;Tx2y4;Tx2y1;Tx1y0;Tx2y0;Tx4y1;Tx4y2;Tx1y3;Tx1y1;Tx4y0,297.0,0
21,29,11,2,Tx3y1;Tx1y3,21,Tx3y1;Tx1y3,18,19,Tx0y3;Tx0y1;Tx4y3;Tx2y3;Tx2y2;Tx3y1;Tx3y4;Tx3y2;Tx3y3;Tx3y0;Tx2y4;Tx2y1;Tx1y0;Tx2y0;Tx4y1;Tx4y2;Tx1y3;Tx1y1;Tx4y0,271.0,0
22,31,12,2,Tx3y1;Tx1y3,22,Tx3y1;Tx1y3,19,20,Tx0y0;Tx0y3;Tx0y1;Tx4y3;Tx2y3;Tx2y2;Tx3y1;Tx3y4;Tx3y2;Tx3y3;Tx3y0;Tx2y4;Tx2y1;Tx1y0;Tx2y0;Tx4y1;Tx4y2;Tx1y3;Tx1y1;Tx4y0,238.0,0
23,34,13,2,Tx3y1;Tx1y3,23,Tx3y1;Tx1y3,21,21,Tx0y0;Tx0y3;Tx0y2;Tx0y1;Tx4y3;Tx2y3;Tx2y2;Tx3y1;Tx3y4;Tx3y2;Tx3y3;Tx3y0;Tx2y4;Tx2y1;Tx1y0;Tx2y0;Tx4y1;Tx4y2;Tx1y3;Tx1y1;Tx4y0,202.0,0
24,37,15,2,Tx3y1;Tx1y3,24,Tx3y1;Tx1y3,22,22,Tx0y0;Tx0y3;Tx0y2;Tx0y1;Tx4y3;Tx2y3;Tx2y2;Tx3y1;Tx3y4;Tx3y2;Tx3y3;Tx3y0;Tx2y4;Tx2y1;Tx1y0;Tx0y4;Tx2y0;Tx4y1;Tx4y2;Tx1y3;Tx1y1;Tx4y0,170.0,0
25,40,16,2,Tx3y1;Tx1y3,25,Tx3y1;Tx1y3,24,23,Tx0y0;Tx0y3;Tx0y2;Tx0y1;Tx4y3;Tx2y3;Tx2y2;Tx3y1;Tx3y4;Tx3y2;Tx1y2;Tx3y3;Tx3y0;Tx2y4;Tx2y1;Tx1y0;Tx0y4;Tx2y0;Tx4y1;Tx4y2;Tx1y3;Tx1y1;Tx4y0,145.0,0
26,40,16,2,Tx3y1;Tx1y3,26,Tx3y1;Tx1y3,24,24,Tx0y0;Tx0y3;Tx0y2;Tx0y1;Tx4y1;Tx2y3;Tx2y2;Tx3y1;Tx3y4;Tx3y2;Tx1y2;Tx3y3;Tx3y0;Tx2y4;Tx2y1;Tx1y0;Tx0y4;Tx2y0;Tx4y3;Tx4y2;Tx1y3;Tx1y4;Tx1y1;Tx4y0,135.0,0
27,41,17,2,Tx3y1;Tx1y3,27,Tx3y1;Tx1y3,24,25,Tx0y0;Tx0y3;Tx0y2;Tx0y1;Tx4y1;Tx2y3;Tx2y2;Tx3y1;Tx3y4;Tx3y2;Tx1y2;Tx3y3;Tx3y0;Tx2y4;Tx2y1;Tx1y0;Tx0y4;Tx4y4;Tx2y0;Tx4y3;Tx4y2;Tx1y3;Tx1y4;Tx1y1;Tx4y0,108.0,0
0,0,0,0,,0,,0,0,,599.0,1
1,0,0,0,,1,Tx3y1,0,1,Tx3y1,592.0,1
2,1,0,1,Tx3y1,2,Tx3y1,1,1,Tx3y1,579.0,1
3,1,0,1,Tx3y1,3,Tx3y1,1,2,Tx3y1;Tx3y0,570.0,1
4,2,0,1,Tx3y1,4,Tx3y1,2,3,Tx4y1;Tx3y1;Tx3y0,559.0,1
5,5,1,1,Tx3y1,5,Tx3y1,4,4,Tx2y1;Tx4y1;Tx3y1;Tx3y0,543.0,1
6,6,1,1,Tx3y1,6,Tx3y1,5,5,Tx2y1;Tx4y1;Tx4y0;Tx3y1;Tx3y0,528.0,1
7,7,1,1,Tx3y1,7,Tx3y1,6,6,Tx2y1;Tx4y1;Tx4y0;Tx3y1;Tx2y0;Tx3y0,517.0,1
8,8,2,1,Tx3y1,8,Tx3y1,6,7,Tx2y1;Tx4y1;Tx4y0;Tx2y2;Tx3y1;Tx2y0;Tx3y0,505.0,1
9,8,2,1,Tx3y1,9,Tx3y1,6,8,Tx4y1;Tx4y0;Tx2y1;Tx2y2;Tx3y1;Tx1y2;Tx3y0;Tx2y0,496.0,1
10,9,2,1,Tx3y1,10,Tx3y1,7,9,Tx4y1;Tx4y0;Tx2y1;Tx2y2;Tx3y1;Tx1y2;Tx0y2;Tx3y0;Tx2y0,486.0,1
11,10,3,1,Tx3y1,11,Tx1y3;Tx3y1,7,10,Tx4y1;Tx4y0;Tx2y1;Tx2y2;Tx3y1;Tx1y2;Tx0y2;Tx3y0;Tx2y0;Tx1y3,471.0,1
12,11,3,2,Tx3y1;Tx1y3,12,Tx3y1;Tx1y3,8,10,Tx4y1;Tx4y0;Tx2y1;Tx2y2;Tx3y1;Tx1y2;Tx0y2;Tx3y0;Tx2y0;Tx1y3,455.0,1
13,13,4,2,Tx3y1;Tx1y3,13,Tx3y1;Tx1y3,9,11,Tx4y1;Tx4y0;Tx2y1;Tx2y2;Tx3y1;Tx1y2;Tx0y2;Tx3y0;Tx2y0;Tx1y3;Tx1y4,439.0,1
14,14,4,2,Tx3y1;Tx1y3,14,Tx3y1;Tx1y3,10,12,Tx4y1;Tx4y0;Tx2y1;Tx2y3;Tx2y2;Tx3y1;Tx1y2;Tx0y2;Tx3y0;Tx2y0;Tx1y3;Tx1y4,425.0,1
15,14,4,2,Tx3y1;Tx1y3,15,Tx3y1;Tx1y3,10,13,Tx0y3;Tx4y1;Tx4y0;Tx2y1;Tx2y3;Tx2y2;Tx3y1;Tx1y2;Tx0y2;Tx3y0;Tx2y0;Tx1y3;Tx1y4,416.0,1
16,24,7,2,Tx3y1;Tx1y3,16,Tx3y1;Tx1y3,17,14,Tx0y3;Tx0y2;Tx4y1;Tx4y0;Tx2y3;Tx2y2;Tx3y1;Tx1y2;Tx3y0;Tx2y4;Tx2y1;Tx2y0;Tx1y3;Tx1y4,297.0,1
17,25,7,2,Tx3y1;Tx1y3,17,Tx3y1;Tx1y3,18,15,Tx0y3;Tx0y2;Tx4y1;Tx4y0;Tx2y3;Tx2y2;Tx3y1;Tx3y4;Tx1y2;Tx3y0;Tx2y4;Tx2y1;Tx2y0;Tx1y3;Tx1y4,287.0,1
18,29,10,2,Tx3y1;Tx1y3,18,Tx3y1;Tx1y3,19,16,Tx0y3;Tx0y2;Tx0y1;Tx4y1;Tx2y3;Tx2y2;Tx3y1;Tx3y4;Tx1y2;Tx3y0;Tx2y4;Tx2y1;Tx2y0;Tx1y3;Tx1y4;Tx4y0,247.0,1
19,31,11,2,Tx3y1;Tx1y3,19,Tx3y1;Tx1y3,20,17,Tx0y3;Tx0y2;Tx0y1;Tx4y1;Tx2y3;Tx2y2;Tx3y1;Tx3y4;Tx1y2;Tx3y0;Tx2y4;Tx2y1;Tx0y4;Tx2y0;Tx1y3;Tx1y4;Tx4y0,221.0,1
20,35,13,2,Tx3y1;Tx1y3,20,Tx3y1;Tx1y3,22,18,Tx0y3;Tx0y2;Tx0y1;Tx4y1;Tx2y3;Tx2y2;Tx3y1;Tx3y4;Tx1y2;Tx3y0;Tx2y4;Tx2y1;Tx1y0;Tx0y4;Tx2y0;Tx1y3;Tx1y4;Tx4y0,174.0,1
21,37,14,2,Tx3y1;Tx1y3,21,Tx3y1;Tx1y3,23,19,Tx0y3;Tx0y2;Tx0y1;Tx4y1;Tx2y3;Tx2y2;Tx3y1;Tx3y4;Tx1y2;Tx3y0;Tx2y4;Tx2y1;Tx1y0;Tx0y4;Tx2y0;Tx4y2;Tx1y3;Tx1y4;Tx4y0,155.0,1
22,38,14,2,Tx3y1;Tx1y3,22,Tx3y1;Tx1y3,24,20,Tx0y0;Tx0y3;Tx0y2;Tx0y1;Tx4y1;Tx2y3;Tx2y2;Tx3y1;Tx3y4;Tx1y2;Tx3y0;Tx2y4;Tx2y1;Tx1y0;Tx0y4;Tx2y0;Tx4y2;Tx1y3;Tx1y4;Tx4y0,134.0,1
23,40,16,2,Tx3y1;Tx1y3,23,Tx3y1;Tx1y3,24,21,Tx0y0;Tx0y3;Tx0y2;Tx0y1;Tx4y1;Tx2y3;Tx2y2;Tx3y1;Tx3y4;Tx1y2;Tx3y0;Tx2y4;Tx2y1;Tx1y0;Tx0y4;Tx2y0;Tx4y3;Tx4y2;Tx1y3;Tx1y4;Tx4y0,107.0,1
24,41,16,2,Tx3y1;Tx1y3,24,Tx3y1;Tx1y3,25,22,Tx0y0;Tx0y3;Tx0y2;Tx0y1;Tx4y1;Tx2y3;Tx2y2;Tx3y1;Tx3y4;Tx1y2;Tx3y0;Tx2y4;Tx2y1;Tx1y0;Tx0y4;Tx4y4;Tx2y0;Tx4y3;Tx4y2;Tx1y3;Tx1y4;Tx4y0,98.0,1
25,41,16,2,Tx3y1;Tx1y3,25,Tx3y1;Tx1y3,25,23,Tx0y0;Tx0y3;Tx0y2;Tx0y1;Tx4y1;Tx2y3;Tx2y2;Tx3y1;Tx3y2;Tx1y2;Tx3y0;Tx2y4;Tx2y1;Tx1y0;Tx3y4;Tx0y4;Tx4y4;Tx2y0;Tx4y3;Tx4y2;Tx1y3;Tx1y4;Tx4y0,85.0,1
26,43,17,2,Tx3y1;Tx1y3,26,Tx3y1;Tx1y3,26,24,Tx0y0;Tx0y3;Tx0y2;Tx0y1;Tx4y1;Tx2y3;Tx2y2;Tx3y1;Tx3y4;Tx3y2;Tx1y2;Tx3y0;Tx2y4;Tx2y1;Tx1y0;Tx0y4;Tx4y4;Tx2y0;Tx4y3;Tx4y2;Tx1y3;Tx1y4;Tx1y1;Tx4y0,64.0,1
27,44,17,2,Tx3y1;Tx1y3,27,Tx3y1;Tx1y3,27,25,Tx0y0;Tx0y3;Tx0y2;Tx0y1;Tx4y1;Tx2y3;Tx2y2;Tx3y1;Tx3y4;Tx3y2;Tx1y2;Tx3y3;Tx3y0;Tx2y4;Tx2y1;Tx1y0;Tx0y4;Tx4y4;Tx2y0;Tx4y3;Tx4y2;Tx1y3;Tx1y4;Tx1y1;Tx4y0,49.0,1
0,0,0,0,,0,,0,0,,599.0,2
1,0,0,0,,1,,0,1,Tx0y1,593.0,2
2,3,2,0,,2,,1,2,Tx0y2;Tx0y1,578.0,2
3,3,2,0,,3,,1,3,Tx0y2;Tx0y1;Tx1y2,567.0,2
4,4,2,0,,4,,2,4,Tx0y3;Tx0y2;Tx0y1;Tx1y2,556.0,2
5,7,3,0,,5,,4,5,Tx0y3;Tx0y2;Tx0y1;Tx1y2;Tx2y2,538.0,2
6,8,3,0,,6,Tx1y3,5,6,Tx0y3;Tx0y2;Tx0y1;Tx1y2;Tx2y2;Tx1y3,527.0,2
7,9,3,1,Tx1y3,7,Tx1y3,6,6,Tx0y3;Tx0y2;Tx0y1;Tx1y2;Tx2y2;Tx1y3,511.0,2
8,10,4,1,Tx1y3,8,Tx1y3,6,7,Tx0y3;Tx0y2;Tx0y1;Tx2y2;Tx1y2;Tx1y3;Tx1y4,497.0,2
9,11,4,1,Tx1y3,9,Tx1y3,7,8,Tx0y3;Tx0y2;Tx0y1;Tx2y3;Tx2y2;Tx1y2;Tx1y3;Tx1y4,483.0,2
10,11,4,1,Tx1y3,10,Tx1y3,7,9,Tx0y3;Tx0y2;Tx0y1;Tx2y3;Tx2y2;Tx1y2;Tx3y3;Tx1y3;Tx1y4,474.0,2
11,14,6,1,Tx1y3,11,Tx1y3,8,10,Tx0y3;Tx0y2;Tx0y1;Tx2y3;Tx2y2;Tx1y2;Tx3y3;Tx2y4;Tx1y3;Tx1y4,452.0,2
12,15,6,1,Tx1y3,12,Tx1y3,9,11,Tx0y3;Tx0y2;Tx0y1;Tx2y3;Tx2y2;Tx3y4;Tx1y2;Tx3y3;Tx2y4;Tx1y3;Tx1y4,440.0,2
13,18,8,1,Tx1y3,13,Tx1y3,10,12,Tx0y3;Tx0y2;Tx0y1;Tx2y3;Tx2y2;Tx3y4;Tx1y2;Tx3y3;Tx2y4;Tx3y2;Tx1y3;Tx1y4,413.0,2
14,21,9,1,Tx1y3,14,Tx1y3,12,13,Tx0y3;Tx0y2;Tx0y1;Tx2y1;Tx2y3;Tx2y2;Tx3y4;Tx1y2;Tx3y3;Tx2y4;Tx3y2;Tx1y3;Tx1y4,383.0,2
15,23,10,1,Tx1y3,15,Tx1y3,13,14,Tx0y3;Tx0y2;Tx0y1;Tx2y3;Tx2y2;Tx3y4;Tx3y2;Tx1y2;Tx3y3;Tx2y4;Tx2y1;Tx0y4;Tx1y3;Tx1y4,358.0,2
16,29,12,1,Tx1y3,16,Tx1y3,17,15,Tx0y3;Tx0y2;Tx0y1;Tx2y3;Tx2y2;Tx3y4;Tx3y2;Tx1y2;Tx3y3;Tx2y4;Tx2y1;Tx0y4;Tx4y3;Tx1y3;Tx1y4,309.0,2
17,29,12,1,Tx1y3,17,Tx1y3,17,16,Tx0y3;Tx0y2;Tx0y1;Tx2y3;Tx2y2;Tx3y4;Tx3y2;Tx3y3;Tx2y4;Tx2y1;Tx1y2;Tx0y4;Tx4y3;Tx4y2;Tx1y3;Tx1y4,298.0,2
18,29,12,1,Tx1y3,18,Tx1y3,17,17,Tx0y3;Tx0y2;Tx0y1;Tx4y3;Tx2y3;Tx2y2;Tx3y4;Tx3y2;Tx3y3;Tx2y4;Tx2y1;Tx1y2;Tx0y4;Tx4y1;Tx4y2;Tx1y3;Tx1y4,286.0,2
19,30,12,1,Tx1y3,19,Tx1y3,18,18,Tx0y3;Tx0y2;Tx0y1;Tx4y3;Tx4y0;Tx2y3;Tx2y2;Tx3y4;Tx3y2;Tx3y3;Tx2y4;Tx2y1;Tx1y2;Tx0y4;Tx4y1;Tx4y2;Tx1y3;Tx1y4,275.0,2
20,30,12,1,Tx1y3,20,Tx1y3,18,19,Tx0y3;Tx0y2;Tx0y1;Tx4y3;Tx4y0;Tx2y3;Tx2y2;Tx3y4;Tx3y2;Tx3y3;Tx3y0;Tx2y4;Tx2y1;Tx1y2;Tx0y4;Tx4y1;Tx4y2;Tx1y3;Tx1y4,268.0,2
21,31,13,1,Tx1y3,21,Tx1y3,18,20,Tx0y3;Tx0y2;Tx0y1;Tx4y3;Tx4y0;Tx2y3;Tx2y2;Tx3y4;Tx3y2;Tx3y3;Tx3y0;Tx2y4;Tx2y1;Tx1y2;Tx0y4;Tx4y4;Tx4y1;Tx4y2;Tx1y3;Tx1y4,248.0,2
22,34,14,1,Tx1y3,22,Tx1y3,20,21,Tx0y3;Tx0y2;Tx0y1;Tx4y3;Tx4y0;Tx2y3;Tx2y2;Tx3y4;Tx3y2;Tx3y3;Tx3y0;Tx2y4;Tx2y1;Tx1y2;Tx0y4;Tx4y4;Tx4y1;Tx4y2;Tx1y3;Tx1y4;Tx1y1,215.0,2
23,35,14,1,Tx1y3,23,Tx3y1;Tx1y3,21,22,Tx0y3;Tx0y2;Tx0y1;Tx4y3;Tx4y0;Tx2y3;Tx2y2;Tx3y1;Tx3y4;Tx3y2;Tx3y3;Tx3y0;Tx2y4;Tx2y1;Tx1y2;Tx0y4;Tx4y4;Tx4y1;Tx4y2;Tx1y3;Tx1y4;Tx1y1,203.0,2
24,35,14,2,Tx3y1;Tx1y3,24,Tx1y3;Tx3y1,21,22,Tx0y3;Tx0y2;Tx0y1;Tx4y3;Tx4y0;Tx2y3;Tx2y2;Tx3y1;Tx3y4;Tx3y2;Tx3y3;Tx3y0;Tx2y4;Tx2y1;Tx1y2;Tx0y4;Tx4y4;Tx4y1;Tx4y2;Tx1y3;Tx1y4;Tx1y1,187.0,2
25,35,14,2,Tx3y1;Tx1y3,25,Tx3y1;Tx1y3,21,23,Tx0y3;Tx0y2;Tx0y1;Tx4y3;Tx4y0;Tx2y3;Tx2y2;Tx3y1;Tx3y4;Tx3y2;Tx3y3;Tx3y0;Tx2y4;Tx2y1;Tx1y2;Tx0y4;Tx4y4;Tx2y0;Tx4y1;Tx4y2;Tx1y3;Tx1y4;Tx1y1,176.0,2
26,37,15,2,Tx3y1;Tx1y3,26,Tx3y1;Tx1y3,22,24,Tx0y3;Tx0y2;Tx0y1;Tx4y3;Tx4y0;Tx2y3;Tx2y2;Tx3y1;Tx3y4;Tx3y2;Tx3y3;Tx3y0;Tx2y4;Tx2y1;Tx1y0;Tx1y2;Tx0y4;Tx4y4;Tx2y0;Tx4y1;Tx4y2;Tx1y3;Tx1y4;Tx1y1,158.0,2
27,38,15,2,Tx3y1;Tx1y3,27,Tx3y1;Tx1y3,23,25,Tx0y0;Tx0y3;Tx0y2;Tx0y1;Tx4y3;Tx4y0;Tx2y3;Tx2y2;Tx3y1;Tx3y4;Tx3y2;Tx3y3;Tx3y0;Tx2y4;Tx2y1;Tx1y0;Tx1y2;Tx0y4;Tx4y4;Tx2y0;Tx4y1;Tx4y2;Tx1y3;Tx1y4;Tx1y1,147.0,2
0,0,0,0,,0,,0,0,,599.0,3
1,0,0,0,,1,,0,1,Tx2y0,592.0,3
2,2,1,0,,2,,1,2,Tx2y0;Tx3y0,574.0,3
3,3,1,0,,3,Tx3y1,2,3,Tx3y1;Tx2y0;Tx3y0,565.0,3
4,4,1,1,Tx3y1,4,Tx3y1,3,3,Tx3y1;Tx2y0;Tx3y0,550.0,3
5,5,1,1,Tx3y1,5,Tx3y1,4,4,Tx4y1;Tx3y1;Tx2y0;Tx3y0,541.0,3
6,7,2,1,Tx3y1,6,Tx3y1,5,5,Tx2y1;Tx4y1;Tx3y1;Tx2y0;Tx3y0,525.0,3
7,8,2,1,Tx3y1,7,Tx3y1,6,6,Tx2y1;Tx4y1;Tx4y0;Tx3y1;Tx2y0;Tx3y0,511.0,3
8,9,3,1,Tx3y1,8,Tx3y1,6,7,Tx4y1;Tx4y0;Tx2y1;Tx3y1;Tx3y0;Tx2y0;Tx1y1,492.0,3
9,14,6,1,Tx3y1,9,Tx3y1,8,8,Tx4y1;Tx4y0;Tx2y1;Tx3y1;Tx3y0;Tx2y0;Tx4y2;Tx1y1,458.0,3
10,16,7,1,Tx3y1,10,Tx3y1,9,9,Tx0y1;Tx4y1;Tx4y0;Tx2y1;Tx3y1;Tx3y0;Tx2y0;Tx4y2;Tx1y1,432.0,3
11,17,7,1,Tx3y1,11,Tx3y1,10,10,Tx0y1;Tx4y1;Tx4y0;Tx2y1;Tx3y1;Tx1y2;Tx3y0;Tx2y0;Tx4y2;Tx1y1,421.0,3
12,17,7,1,Tx3y1,12,Tx3y1,10,11,Tx0y1;Tx4y1;Tx4y0;Tx2y1;Tx3y1;Tx1y2;Tx0y2;Tx3y0;Tx2y0;Tx4y2;Tx1y1,413.0,3
13,19,8,1,Tx3y1,13,Tx3y1;Tx1y3,11,12,Tx0y1;Tx4y1;Tx4y0;Tx2y1;Tx3y1;Tx1y2;Tx0y2;Tx3y0;Tx2y0;Tx4y2;Tx1y3;Tx1y1,398.0,3
14,21,8,2,Tx3y1;Tx1y3,14,Tx3y1;Tx1y3,13,12,Tx0y2;Tx0y1;Tx4y1;Tx3y1;Tx1y2;Tx3y0;Tx2y1;Tx2y0;Tx4y2;Tx1y3;Tx1y1;Tx4y0,382.0,3
15,22,9,2,Tx3y1;Tx1y3,15,Tx3y1;Tx1y3,13,13,Tx0y2;Tx0y1;Tx4y1;Tx3y1;Tx1y2;Tx3y0;Tx2y1;Tx2y0;Tx4y2;Tx1y3;Tx1y4;Tx1y1;Tx4y0,367.0,3
16,23,9,2,Tx3y1;Tx1y3,16,Tx3y1;Tx1y3,14,14,Tx0y2;Tx0y1;Tx4y1;Tx2y3;Tx3y1;Tx1y2;Tx3y0;Tx2y1;Tx2y0;Tx4y2;Tx1y3;Tx1y4;Tx1y1;Tx4y0,355.0,3
17,24,9,2,Tx3y1;Tx1y3,17,Tx3y1;Tx1y3,15,15,Tx0y2;Tx0y1;Tx4y1;Tx2y3;Tx3y1;Tx1y2;Tx3y3;Tx3y0;Tx2y1;Tx2y0;Tx4y2;Tx1y3;Tx1y4;Tx1y1;Tx4y0,341.0,3
18,27,11,2,Tx3y1;Tx1y3,18,Tx3y1;Tx1y3,16,16,Tx0y2;Tx0y1;Tx4y1;Tx2y3;Tx3y1;Tx1y2;Tx3y3;Tx3y0;Tx2y1;Tx3y4;Tx2y0;Tx4y2;Tx1y3;Tx1y4;Tx1y1;Tx4y0,317.0,3
19,32,14,2,Tx3y1;Tx1y3,19,Tx3y1;Tx1y3,18,17,Tx0y2;Tx0y1;Tx4y3;Tx2y3;Tx3y1;Tx1y2;Tx3y3;Tx3y0;Tx2y1;Tx3y4;Tx2y0;Tx4y1;Tx4y2;Tx1y3;Tx1y4;Tx1y1;Tx4y0,286.0,3
20,34,16,2,Tx3y1;Tx1y3,20,Tx3y1;Tx1y3,18,18,Tx0y2;Tx0y1;Tx4y3;Tx2y3;Tx3y1;Tx1y2;Tx1y3;Tx3y3;Tx3y0;Tx2y1;Tx3y4;Tx0y4;Tx2y0;Tx4y1;Tx4y2;Tx1y4;Tx1y1;Tx4y0,247.0,3
21,36,17,2,Tx3y1;Tx1y3,21,Tx3y1;Tx1y3,19,19,Tx0y0;Tx0y2;Tx0y1;Tx4y3;Tx2y3;Tx3y1;Tx3y4;Tx1y2;Tx1y3;Tx3y3;Tx3y0;Tx2y1;Tx0y4;Tx2y0;Tx4y1;Tx4y2;Tx1y4;Tx1y1;Tx4y0,220.0,3
22,39,18,2,Tx3y1;Tx1y3,22,Tx3y1;Tx1y3,21,20,Tx0y0;Tx0y2;Tx0y1;Tx4y3;Tx2y3;Tx3y1;Tx3y4;Tx0y3;Tx1y2;Tx1y3;Tx3y3;Tx3y0;Tx2y1;Tx0y4;Tx2y0;Tx4y1;Tx4y2;Tx1y4;Tx1y1;Tx4y0,198.0,3
23,39,18,2,Tx3y1;Tx1y3,23,Tx3y1;Tx1y3,21,21,Tx0y0;Tx0y2;Tx0y1;Tx4y3;Tx2y3;Tx3y1;Tx3y2;Tx0y3;Tx1y2;Tx1y3;Tx3y3;Tx3y0;Tx2y1;Tx3y4;Tx0y4;Tx2y0;Tx4y1;Tx4y2;Tx1y4;Tx1y1;Tx4y0,182.0,3
24,39,18,2,Tx3y1;Tx1y3,24,Tx3y1;Tx1y3,21,22,Tx0y0;Tx0y2;Tx0y1;Tx4y3;Tx2y3;Tx2y2;Tx3y1;Tx3y4;Tx3y2;Tx0y3;Tx1y2;Tx1y3;Tx3y3;Tx3y0;Tx2y1;Tx0y4;Tx2y0;Tx4y1;Tx4y2;Tx1y4;Tx1y1;Tx4y0,171.0,3
25,40,18,2,Tx3y1;Tx1y3,25,Tx3y1;Tx1y3,22,23,Tx0y0;Tx0y2;Tx0y1;Tx4y3;Tx2y3;Tx2y2;Tx3y1;Tx3y4;Tx3y2;Tx0y3;Tx1y2;Tx1y3;Tx3y3;Tx3y0;Tx2y4;Tx2y1;Tx0y4;Tx2y0;Tx4y1;Tx4y2;Tx1y4;Tx1y1;Tx4y0,158.0,3
26,42,19,2,Tx3y1;Tx1y3,26,Tx3y1;Tx1y3,23,24,Tx0y0;Tx0y2;Tx0y1;Tx4y1;Tx2y3;Tx2y2;Tx3y1;Tx3y4;Tx3y2;Tx0y3;Tx1y2;Tx1y3;Tx3y3;Tx3y0;Tx2y4;Tx2y1;Tx1y0;Tx0y4;Tx2y0;Tx4y3;Tx4y2;Tx1y4;Tx1y1;Tx4y0,133.0,3
27,43,19,2,Tx3y1;Tx1y3,27,Tx3y1;Tx1y3,24,25,Tx0y0;Tx0y2;Tx0y1;Tx4y1;Tx2y3;Tx2y2;Tx3y1;Tx3y4;Tx3y2;Tx0y3;Tx1y2;Tx1y3;Tx3y3;Tx3y0;Tx2y4;Tx2y1;Tx1y0;Tx0y4;Tx4y4;Tx2y0;Tx4y3;Tx4y2;Tx1y4;Tx1y1;Tx4y0,112.0,3
0,0,0,0,,0,,0,0,,599.0,4
1,0,0,0,,1,,0,1,Tx0y1,592.0,4
2,3,2,0,,2,,1,2,Tx0y2;Tx0y1,578.0,4
3,3,2,0,,3,,1,3,Tx0y2;Tx0y1;Tx1y2,568.0,4
4,4,2,0,,4,,2,4,Tx0y3;Tx0y2;Tx0y1;Tx1y2,557.0,4
5,7,3,0,,5,,4,5,Tx0y3;Tx0y2;Tx0y1;Tx1y2;Tx2y2,537.0,4
6,8,3,0,,6,Tx1y3,5,6,Tx0y3;Tx0y2;Tx0y1;Tx1y2;Tx1y3;Tx2y2,526.0,4
7,9,3,1,Tx1y3,7,Tx1y3,6,6,Tx0y3;Tx0y2;Tx0y1;Tx1y2;Tx1y3;Tx2y2,511.0,4
8,10,4,1,Tx1y3,8,Tx1y3,6,7,Tx0y3;Tx0y2;Tx0y1;Tx1y2;Tx1y3;Tx1y4;Tx2y2,498.0,4
9,10,4,1,Tx1y3,9,Tx1y3,6,8,Tx0y3;Tx0y2;Tx0y1;Tx2y3;Tx1y2;Tx1y3;Tx1y4;Tx2y2,485.0,4
10,11,4,1,Tx1y3,10,Tx1y3,7,9,Tx0y3;Tx0y2;Tx0y1;Tx2y3;Tx1y2;Tx3y3;Tx1y3;Tx1y4;Tx2y2,475.0,4
11,14,6,1,Tx1y3,11,Tx1y3,8,10,Tx0y3;Tx0y2;Tx0y1;Tx2y3;Tx1y2;Tx3y3;Tx2y4;Tx1y3;Tx1y4;Tx2y2,453.0,4
12,14,6,1,Tx1y3,12,Tx1y3,8,11,Tx0y3;Tx0y2;Tx0y1;Tx2y3;Tx3y4;Tx1y2;Tx3y3;Tx2y4;Tx1y3;Tx1y4;Tx2y2,443.0,4
13,19,7,1,Tx1y3,13,Tx1y3,12,12,Tx0y3;Tx0y2;Tx0y1;Tx2y3;Tx3y4;Tx1y2;Tx3y3;Tx2y4;Tx0y4;Tx1y3;Tx1y4;Tx2y2,390.0,4
14,21,8,1,Tx1y3,14,Tx1y3,13,13,Tx0y3;Tx0y2;Tx0y1;Tx2y3;Tx3y4;Tx1y2;Tx3y3;Tx2y4;Tx0y4;Tx3y2;Tx1y3;Tx1y4;Tx2y2,366.0,4
15,24,9,1,Tx1y3,15,Tx1y3,15,14,Tx0y3;Tx0y2;Tx0y1;Tx2y1;Tx2y3;Tx3y4;Tx3y2;Tx1y2;Tx3y3;Tx2y4;Tx0y4;Tx1y3;Tx1y4;Tx2y2,346.0,4
16,25,9,1,Tx1y3,16,Tx3y1;Tx1y3,16,15,Tx0y3;Tx0y2;Tx0y1;Tx2y1;Tx2y3;Tx3y1;Tx3y4;Tx3y2;Tx1y2;Tx3y3;Tx2y4;Tx0y4;Tx1y3;Tx1y4;Tx2y2,334.0,4
17,25,9,2,Tx3y1;Tx1y3,17,Tx1y3;Tx3y1,16,15,Tx0y3;Tx0y2;Tx0y1;Tx2y1;Tx2y3;Tx3y1;Tx3y4;Tx3y2;Tx1y2;Tx3y3;Tx2y4;Tx0y4;Tx1y3;Tx1y4;Tx2y2,319.0,4
18,27,9,2,Tx3y1;Tx1y3,18,Tx1y3;Tx3y1,18,16,Tx0y3;Tx0y2;Tx0y1;Tx2y1;Tx2y3;Tx3y1;Tx3y4;Tx3y2;Tx1y2;Tx3y3;Tx3y0;Tx2y4;Tx0y4;Tx1y3;Tx1y4;Tx2y2,280.0,4
19,27,9,2,Tx3y1;Tx1y3,19,Tx1y3;Tx3y1,18,17,Tx0y3;Tx0y2;Tx0y1;Tx4y1;Tx2y1;Tx2y3;Tx3y1;Tx3y4;Tx3y2;Tx1y2;Tx3y3;Tx3y0;Tx2y4;Tx0y4;Tx1y3;Tx1y4;Tx2y2,269.0,4
20,27,9,2,Tx3y1;Tx1y3,20,Tx1y3;Tx3y1,18,18,Tx0y3;Tx0y2;Tx0y1;Tx4y1;Tx4y0;Tx2y1;Tx2y3;Tx3y1;Tx3y4;Tx3y2;Tx1y2;Tx3y3;Tx3y0;Tx2y4;Tx0y4;Tx1y3;Tx1y4;Tx2y2,256.0,4
21,28,9,2,Tx3y1;Tx1y3,21,Tx1y3;Tx3y1,19,19,Tx0y3;Tx0y2;Tx0y1;Tx4y1;Tx4y0;Tx2y1;Tx2y3;Tx3y1;Tx3y4;Tx3y2;Tx1y2;Tx3y3;Tx3y0;Tx2y4;Tx0y4;Tx2y0;Tx1y3;Tx1y4;Tx2y2,245.0,4
22,31,11,2,Tx3y1;Tx1y3,22,Tx1y3;Tx3y1,20,20,Tx0y3;Tx0y2;Tx0y1;Tx4y1;Tx4y0;Tx2y1;Tx2y3;Tx3y1;Tx3y4;Tx3y2;Tx1y2;Tx3y3;Tx3y0;Tx2y4;Tx1y0;Tx0y4;Tx2y0;Tx1y3;Tx1y4;Tx2y2,222.0,4
23,34,13,2,Tx3y1;Tx1y3,23,Tx1y3;Tx3y1,21,21,Tx0y3;Tx0y2;Tx0y1;Tx4y1;Tx4y0;Tx2y1;Tx2y3;Tx3y1;Tx3y4;Tx3y2;Tx1y2;Tx3y3;Tx3y0;Tx2y4;Tx1y0;Tx0y4;Tx2y0;Tx4y3;Tx1y3;Tx1y4;Tx2y2,196.0,4
24,34,13,2,Tx3y1;Tx1y3,24,Tx1y3;Tx3y1,21,22,Tx0y3;Tx0y2;Tx0y1;Tx4y1;Tx4y0;Tx2y1;Tx2y3;Tx3y1;Tx3y4;Tx3y2;Tx1y2;Tx3y3;Tx3y0;Tx2y4;Tx1y0;Tx0y4;Tx4y4;Tx2y0;Tx4y3;Tx1y3;Tx1y4;Tx2y2,186.0,4
25,36,13,2,Tx3y1;Tx1y3,25,Tx1y3;Tx3y1,23,23,Tx0y3;Tx0y2;Tx0y1;Tx4y1;Tx4y0;Tx2y1;Tx2y3;Tx3y1;Tx3y4;Tx3y2;Tx1y2;Tx3y3;Tx3y0;Tx2y4;Tx1y0;Tx0y4;Tx4y4;Tx2y0;Tx4y3;Tx1y3;Tx1y4;Tx1y1;Tx2y2,163.0,4
26,38,14,2,Tx3y1;Tx1y3,26,Tx1y3;Tx3y1,24,24,Tx0y3;Tx0y2;Tx0y1;Tx4y1;Tx4y0;Tx2y1;Tx2y3;Tx3y1;Tx3y4;Tx3y2;Tx1y2;Tx3y3;Tx3y0;Tx2y4;Tx1y0;Tx0y4;Tx4y4;Tx2y0;Tx4y3;Tx4y2;Tx1y3;Tx1y4;Tx1y1;Tx2y2,143.0,4
27,38,14,2,Tx3y1;Tx1y3,27,Tx1y3;Tx3y1,24,25,Tx0y0;Tx0y3;Tx0y2;Tx0y1;Tx4y1;Tx4y0;Tx2y1;Tx2y3;Tx3y1;Tx3y4;Tx3y2;Tx1y2;Tx3y3;Tx3y0;Tx2y4;Tx1y0;Tx0y4;Tx4y4;Tx2y0;Tx4y3;Tx4y2;Tx1y3;Tx1y4;Tx1y1;Tx2y2,124.0,4
0,0,0,0,,0,,0,0,,599.0,5
1,0,0,0,,1,,0,1,Tx3y4,592.0,5
2,2,1,0,,2,,1,2,Tx2y4;Tx3y4,579.0,5
3,4,2,0,,3,,2,3,Tx2y4;Tx3y4;Tx1y4,566.0,5
4,6,3,0,,4,Tx1y3,3,4,Tx2y4;Tx3y4;Tx1y3;Tx1y4,549.0,5
5,7,3,1,Tx1y3,5,Tx1y3,4,4,Tx2y4;Tx3y4;Tx1y3;Tx1y4,534.0,5
6,8,3,1,Tx1y3,6,Tx1y3,5,5,Tx2y4;Tx0y3;Tx3y4;Tx1y3;Tx1y4,525.0,5
7,10,4,1,Tx1y3,7,Tx1y3,6,6,Tx2y4;Tx0y3;Tx1y2;Tx3y4;Tx1y3;Tx1y4,509.0,5
8,10,4,1,Tx1y3,8,Tx1y3,6,7,Tx0y3;Tx2y2;Tx3y4;Tx1y2;Tx2y4;Tx1y3;Tx1y4,499.0,5
9,12,5,1,Tx1y3,9,Tx1y3,7,8,Tx0y3;Tx2y2;Tx3y4;Tx1y2;Tx2y4;Tx1y3;Tx1y4;Tx1y1,479.0,5
10,14,6,1,Tx1y3,10,Tx1y3,8,9,Tx0y3;Tx0y2;Tx2y2;Tx3y4;Tx1y2;Tx2y4;Tx1y3;Tx1y4;Tx1y1,462.0,5
11,14,6,1,Tx1y3,11,Tx1y3,8,10,Tx0y3;Tx0y2;Tx0y1;Tx2y2;Tx3y4;Tx1y2;Tx2y4;Tx1y3;Tx1y4;Tx1y1,450.0,5
12,18,8,1,Tx1y3,12,Tx1y3,10,11,Tx0y3;Tx0y2;Tx0y1;Tx2y2;Tx3y4;Tx1y2;Tx2y4;Tx0y4;Tx1y3;Tx1y4;Tx1y1,419.0,5
13,19,8,1,Tx1y3,13,Tx1y3,11,12,Tx0y3;Tx0y2;Tx0y1;Tx2y1;Tx2y2;Tx3y4;Tx1y2;Tx2y4;Tx0y4;Tx1y3;Tx1y4;Tx1y1,402.0,5
14,21,9,1,Tx1y3,14,Tx1y3,12,13,Tx0y3;Tx0y2;Tx0y1;Tx2y1;Tx2y2;Tx3y2;Tx1y2;Tx2y4;Tx0y4;Tx1y3;Tx1y4;Tx1y1;Tx3y4,388.0,5
15,23,10,1,Tx1y3,15,Tx1y3,13,14,Tx0y3;Tx0y2;Tx0y1;Tx2y1;Tx2y2;Tx3y4;Tx3y2;Tx1y2;Tx2y4;Tx0y4;Tx2y0;Tx1y3;Tx1y4;Tx1y1,368.0,5
16,26,10,1,Tx1y3,16,Tx1y3,16,15,Tx0y3;Tx0y2;Tx0y1;Tx2y2;Tx2y0;Tx3y4;Tx3y2;Tx2y4;Tx2y1;Tx1y2;Tx0y4;Tx1y3;Tx1y4;Tx1y1;Tx3y0,340.0,5
17,26,10,1,Tx1y3,17,Tx1y3,16,16,Tx0y3;Tx0y2;Tx0y1;Tx4y0;Tx2y2;Tx2y0;Tx3y4;Tx3y2;Tx2y4;Tx2y1;Tx1y2;Tx0y4;Tx1y3;Tx1y4;Tx1y1;Tx3y0,331.0,5
18,27,10,1,Tx1y3,18,Tx1y3,17,17,Tx0y3;Tx0y2;Tx0y1;Tx4y1;Tx4y0;Tx2y2;Tx2y0;Tx3y4;Tx3y2;Tx2y4;Tx2y1;Tx1y2;Tx0y4;Tx1y3;Tx1y4;Tx1y1;Tx3y0,321.0,5
19,27,10,1,Tx1y3,19,Tx1y3,17,18,Tx0y3;Tx0y2;Tx0y1;Tx4y1;Tx4y0;Tx2y2;Tx2y0;Tx3y4;Tx3y2;Tx2y4;Tx2y1;Tx1y2;Tx0y4;Tx4y2;Tx1y3;Tx1y4;Tx1y1;Tx3y0,313.0,5
20,28,11,1,Tx1y3,20,Tx1y3,17,19,Tx0y3;Tx0y2;Tx0y1;Tx4y1;Tx4y0;Tx2y2;Tx2y0;Tx3y4;Tx3y2;Tx3y3;Tx2y4;Tx2y1;Tx1y2;Tx0y4;Tx4y2;Tx1y3;Tx1y4;Tx1y1;Tx3y0,296.0,5
21,29,11,1,Tx1y3,21,Tx1y3,18,20,Tx0y3;Tx0y2;Tx0y1;Tx4y1;Tx4y0;Tx2y2;Tx2y0;Tx3y4;Tx3y2;Tx1y2;Tx3y3;Tx2y4;Tx2y1;Tx0y4;Tx4y3;Tx4y2;Tx1y3;Tx1y4;Tx1y1;Tx3y0,286.0,5
22,30,12,1,Tx1y3,22,Tx1y3,18,21,Tx0y3;Tx0y2;Tx0y1;Tx4y1;Tx4y0;Tx2y3;Tx2y2;Tx2y0;Tx3y4;Tx3y2;Tx1y2;Tx3y3;Tx2y4;Tx2y1;Tx0y4;Tx4y3;Tx4y2;Tx1y3;Tx1y4;Tx1y1;Tx3y0,259.0,5
23,31,12,1,Tx1y3,23,Tx3y1;Tx1y3,19,22,Tx0y3;Tx0y2;Tx0y1;Tx4y1;Tx4y0;Tx2y3;Tx2y2;Tx3y1;Tx2y0;Tx3y4;Tx3y2;Tx1y2;Tx3y3;Tx2y4;Tx2y1;Tx0y4;Tx4y3;Tx4y2;Tx1y3;Tx1y4;Tx1y1;Tx3y0,237.0,5
24,32,12,2,Tx3y1;Tx1y3,24,Tx3y1;Tx1y3,20,22,Tx0y3;Tx0y2;Tx0y1;Tx4y1;Tx4y0;Tx2y3;Tx2y2;Tx3y1;Tx2y0;Tx3y4;Tx3y2;Tx1y2;Tx3y3;Tx2y4;Tx2y1;Tx0y4;Tx4y3;Tx4y2;Tx1y3;Tx1y4;Tx1y1;Tx3y0,223.0,5
25,33,12,2,Tx3y1;Tx1y3,25,Tx3y1;Tx1y3,21,23,Tx0y3;Tx0y2;Tx0y1;Tx4y1;Tx4y0;Tx2y3;Tx2y2;Tx3y1;Tx2y0;Tx3y4;Tx3y2;Tx1y2;Tx3y3;Tx2y4;Tx2y1;Tx1y0;Tx0y4;Tx4y3;Tx4y2;Tx1y3;Tx1y4;Tx1y1;Tx3y0,209.0,5
26,33,12,2,Tx3y1;Tx1y3,26,Tx3y1;Tx1y3,21,24,Tx0y0;Tx0y3;Tx0y2;Tx0y1;Tx4y1;Tx4y0;Tx2y3;Tx2y2;Tx3y1;Tx2y0;Tx3y4;Tx3y2;Tx1y2;Tx3y3;Tx2y4;Tx2y1;Tx1y0;Tx0y4;Tx4y3;Tx4y2;Tx1y3;Tx1y4;Tx1y1;Tx3y0,201.0,5
27,39,16,2,Tx3y1;Tx1y3,27,Tx3y1;Tx1y3,23,25,Tx0y0;Tx0y3;Tx0y2;Tx0y1;Tx4y1;Tx4y0;Tx2y3;Tx2y2;Tx3y1;Tx2y0;Tx3y4;Tx3y2;Tx1y2;Tx3y3;Tx2y4;Tx2y1;Tx1y0;Tx0y4;Tx4y4;Tx4y3;Tx4y2;Tx1y3;Tx1y4;Tx1y1;Tx3y0,145.0,5
0,0,0,0,,0,,0,0,,599.0,6
1,0,0,0,,1,,0,1,Tx0y1,593.0,6
2,3,2,0,,2,,1,2,Tx0y2;Tx0y1,577.0,6
3,3,2,0,,3,,1,3,Tx0y2;Tx0y1;Tx1y2,567.0,6
4,4,2,0,,4,,2,4,Tx0y3;Tx0y2;Tx0y1;Tx1y2,557.0,6
5,7,3,0,,5,,4,5,Tx0y3;Tx0y2;Tx0y1;Tx1y2;Tx2y2,535.0,6
6,8,3,0,,6,Tx1y3,5,6,Tx0y3;Tx0y2;Tx0y1;Tx1y2;Tx2y2;Tx1y3,524.0,6
7,9,3,1,Tx1y3,7,Tx1y3,6,6,Tx0y3;Tx0y2;Tx0y1;Tx1y2;Tx2y2;Tx1y3,509.0,6
8,10,4,1,Tx1y3,8,Tx1y3,6,7,Tx0y3;Tx0y2;Tx0y1;Tx2y2;Tx1y2;Tx1y3;Tx1y4,495.0,6
9,11,4,1,Tx1y3,9,Tx1y3,7,8,Tx0y3;Tx0y2;Tx0y1;Tx2y3;Tx2y2;Tx1y2;Tx1y3;Tx1y4,482.0,6
10,11,4,1,Tx1y3,10,Tx1y3,7,9,Tx0y3;Tx0y2;Tx0y1;Tx2y3;Tx2y2;Tx1y2;Tx3y3;Tx1y3;Tx1y4,473.0,6
11,14,6,1,Tx1y3,11,Tx1y3,8,10,Tx0y3;Tx0y2;Tx0y1;Tx2y3;Tx2y2;Tx1y2;Tx3y3;Tx2y4;Tx1y3;Tx1y4,451.0,6
12,15,6,1,Tx1y3,12,Tx1y3,9,11,Tx0y3;Tx0y2;Tx0y1;Tx2y3;Tx2y2;Tx3y4;Tx1y2;Tx3y3;Tx2y4;Tx1y3;Tx1y4,440.0,6
13,18,7,1,Tx1y3,13,Tx1y3,11,12,Tx0y3;Tx0y2;Tx0y1;Tx2y3;Tx2y2;Tx3y4;Tx1y2;Tx3y3;Tx2y4;Tx3y2;Tx1y3;Tx1y4,402.0,6
14,22,8,1,Tx1y3,14,Tx1y3,14,13,Tx0y3;Tx0y2;Tx0y1;Tx2y1;Tx2y3;Tx2y2;Tx3y4;Tx1y2;Tx3y3;Tx2y4;Tx3y2;Tx1y3;Tx1y4,359.0,6
15,25,9,1,Tx1y3,15,Tx1y3,16,14,Tx0y3;Tx0y2;Tx0y1;Tx2y3;Tx2y2;Tx3y4;Tx3y2;Tx1y2;Tx3y3;Tx2y4;Tx2y1;Tx0y4;Tx1y3;Tx1y4,330.0,6
16,30,10,1,Tx1y3,16,Tx1y3,20,15,Tx0y3;Tx0y2;Tx0y1;Tx2y3;Tx2y2;Tx3y4;Tx3y2;Tx1y2;Tx3y3;Tx2y4;Tx2y1;Tx0y4;Tx4y2;Tx1y3;Tx1y4,222.0,6
17,31,10,1,Tx1y3,17,Tx1y3,21,16,Tx0y3;Tx0y2;Tx0y1;Tx2y3;Tx2y2;Tx3y4;Tx3y2;Tx1y2;Tx3y3;Tx2y4;Tx2y1;Tx0y4;Tx4y3;Tx4y2;Tx1y3;Tx1y4,196.0,6
18,32,10,1,Tx1y3,18,Tx1y3,22,17,Tx0y3;Tx0y2;Tx0y1;Tx2y3;Tx2y2;Tx3y4;Tx3y2;Tx1y2;Tx3y3;Tx2y4;Tx2y1;Tx0y4;Tx2y0;Tx4y3;Tx4y2;Tx1y3;Tx1y4,175.0,6
19,34,11,1,Tx1y3,19,Tx1y3,23,18,Tx0y3;Tx0y2;Tx0y1;Tx2y3;Tx2y2;Tx3y4;Tx3y2;Tx1y2;Tx3y3;Tx3y0;Tx2y4;Tx2y1;Tx0y4;Tx2y0;Tx4y3;Tx4y2;Tx1y3;Tx1y4,153.0,6
20,35,11,1,Tx1y3,20,Tx1y3,24,19,Tx0y3;Tx0y2;Tx0y1;Tx4y0;Tx2y3;Tx2y2;Tx3y4;Tx3y2;Tx1y2;Tx3y3;Tx3y0;Tx2y4;Tx2y1;Tx0y4;Tx2y0;Tx4y3;Tx4y2;Tx1y3;Tx1y4,140.0,6
21,35,11,1,Tx1y3,21,Tx1y3,24,20,Tx0y3;Tx0y2;Tx0y1;Tx4y1;Tx4y0;Tx2y3;Tx2y2;Tx3y4;Tx3y2;Tx1y2;Tx3y3;Tx3y0;Tx2y4;Tx2y1;Tx0y4;Tx2y0;Tx4y3;Tx4y2;Tx1y3;Tx1y4,131.0,6
22,35,11,1,Tx1y3,22,Tx1y3,24,21,Tx0y3;Tx0y2;Tx0y1;Tx4y1;Tx4y0;Tx2y3;Tx2y2;Tx3y4;Tx3y2;Tx1y2;Tx3y3;Tx3y0;Tx2y4;Tx2y1;Tx0y4;Tx4y4;Tx2y0;Tx4y3;Tx4y2;Tx1y3;Tx1y4,119.0,6
23,36,11,1,Tx1y3,23,Tx1y3;Tx3y1,25,22,Tx0y3;Tx0y2;Tx0y1;Tx4y1;Tx4y0;Tx2y3;Tx2y2;Tx3y1;Tx3y4;Tx3y2;Tx1y2;Tx3y3;Tx3y0;Tx2y4;Tx2y1;Tx0y4;Tx4y4;Tx2y0;Tx4y3;Tx4y2;Tx1y3;Tx1y4,102.0,6
24,36,11,2,Tx3y1;Tx1y3,24,Tx1y3;Tx3y1,25,22,Tx0y3;Tx0y2;Tx0y1;Tx4y1;Tx4y0;Tx2y3;Tx2y2;Tx3y1;Tx3y4;Tx3y2;Tx1y2;Tx3y3;Tx3y0;Tx2y4;Tx2y1;Tx0y4;Tx4y4;Tx2y0;Tx4y3;Tx4y2;Tx1y3;Tx1y4,87.0,6
25,38,12,2,Tx3y1;Tx1y3,25,Tx3y1;Tx1y3,26,23,Tx0y3;Tx0y2;Tx0y1;Tx4y1;Tx4y0;Tx2y3;Tx2y2;Tx3y1;Tx3y4;Tx3y2;Tx1y2;Tx3y3;Tx3y0;Tx2y4;Tx2y1;Tx0y4;Tx4y4;Tx2y0;Tx4y3;Tx4y2;Tx1y3;Tx1y4;Tx1y1,69.0,6
26,38,12,2,Tx3y1;Tx1y3,26,Tx3y1;Tx1y3,26,24,Tx0y3;Tx0y2;Tx0y1;Tx4y1;Tx4y0;Tx2y3;Tx2y2;Tx3y1;Tx3y4;Tx3y2;Tx1y2;Tx3y3;Tx3y0;Tx2y4;Tx2y1;Tx1y0;Tx0y4;Tx4y4;Tx2y0;Tx4y3;Tx4y2;Tx1y3;Tx1y4;Tx1y1,59.0,6
27,39,12,2,Tx3y1;Tx1y3,27,Tx3y1;Tx1y3,27,25,Tx0y0;Tx0y3;Tx0y2;Tx0y1;Tx4y1;Tx4y0;Tx2y3;Tx2y2;Tx3y1;Tx3y4;Tx3y2;Tx1y2;Tx3y3;Tx3y0;Tx2y4;Tx2y1;Tx1y0;Tx0y4;Tx4y4;Tx2y0;Tx4y3;Tx4y2;Tx1y3;Tx1y4;Tx1y1,49.0,6
0,0,0,0,,0,,0,0,,599.0,7
1,0,0,0,,1,,0,1,Tx1y1,592.0,7
2,2,1,0,,2,,1,2,Tx1y0;Tx1y1,580.0,7
3,5,3,0,,3,,2,3,Tx1y0;Tx1y2;Tx1y1,563.0,7
4,6,3,0,,4,,3,4,Tx1y0;Tx2y2;Tx1y2;Tx1y1,550.0,7
5,7,3,0,,5,,4,5,Tx1y0;Tx0y2;Tx2y2;Tx1y2;Tx1y1,539.0,7
6,10,4,0,,6,Tx1y3,6,6,Tx1y0;Tx0y2;Tx2y2;Tx1y2;Tx1y3;Tx1y1,517.0,7
7,10,4,1,Tx1y3,7,Tx1y3,6,6,Tx1y0;Tx0y2;Tx2y2;Tx1y2;Tx1y3;Tx1y1,502.0,7
8,12,5,1,Tx1y3,8,Tx1y3,7,7,Tx0y2;Tx2y2;Tx1y2;Tx1y0;Tx1y3;Tx1y4;Tx1y1,485.0,7
9,12,5,1,Tx1y3,9,Tx1y3,7,8,Tx0y2;Tx2y3;Tx2y2;Tx1y2;Tx1y0;Tx1y3;Tx1y4;Tx1y1,474.0,7
10,13,5,1,Tx1y3,10,Tx1y3,8,9,Tx0y2;Tx2y3;Tx2y2;Tx0y3;Tx1y2;Tx1y0;Tx1y3;Tx1y4;Tx1y1,449.0,7
11,14,5,1,Tx1y3,11,Tx1y3,9,10,Tx0y2;Tx2y3;Tx2y2;Tx0y3;Tx1y2;Tx3y3;Tx1y0;Tx1y3;Tx1y4;Tx1y1,434.0,7
12,17,7,1,Tx1y3,12,Tx1y3,10,11,Tx0y2;Tx2y3;Tx2y2;Tx3y2;Tx0y3;Tx1y2;Tx3y3;Tx1y0;Tx1y3;Tx1y4;Tx1y1,410.0,7
13,22,9,1,Tx1y3,13,Tx1y3,13,12,Tx0y2;Tx2y3;Tx2y2;Tx3y2;Tx0y3;Tx1y2;Tx3y3;Tx1y0;Tx0y4;Tx1y3;Tx1y4;Tx1y1,379.0,7
14,24,10,1,Tx1y3,14,Tx1y3,14,13,Tx0y2;Tx2y3;Tx2y2;Tx3y4;Tx3y2;Tx0y3;Tx1y2;Tx3y3;Tx1y0;Tx0y4;Tx1y3;Tx1y4;Tx1y1,356.0,7
15,29,13,1,Tx1y3,15,Tx1y3,16,14,Tx0y2;Tx2y3;Tx2y2;Tx3y4;Tx3y2;Tx0y3;Tx1y2;Tx3y3;Tx1y0;Tx0y4;Tx4y2;Tx1y3;Tx1y4;Tx1y1,317.0,7
16,30,13,1,Tx1y3,16,Tx3y1;Tx1y3,17,15,Tx0y2;Tx2y3;Tx2y2;Tx3y1;Tx3y4;Tx3y2;Tx0y3;Tx1y2;Tx3y3;Tx1y0;Tx0y4;Tx4y2;Tx1y3;Tx1y4;Tx1y1,305.0,7
17,30,13,2,Tx3y1;Tx1y3,17,Tx1y3;Tx3y1,17,15,Tx0y2;Tx2y3;Tx2y2;Tx3y1;Tx3y4;Tx3y2;Tx0y3;Tx1y2;Tx3y3;Tx1y0;Tx0y4;Tx4y2;Tx1y3;Tx1y4;Tx1y1,290.0,7
18,31,13,2,Tx3y1;Tx1y3,18,Tx3y1;Tx1y3,18,16,Tx0y2;Tx2y3;Tx2y2;Tx3y1;Tx3y4;Tx3y2;Tx0y3;Tx1y2;Tx3y3;Tx3y0;Tx1y0;Tx0y4;Tx4y2;Tx1y3;Tx1y4;Tx1y1,280.0,7
19,31,13,2,Tx3y1;Tx1y3,19,Tx3y1;Tx1y3,18,17,Tx0y2;Tx2y3;Tx2y2;Tx3y1;Tx3y4;Tx3y2;Tx0y3;Tx1y2;Tx3y3;Tx3y0;Tx1y0;Tx0y4;Tx4y1;Tx4y2;Tx1y3;Tx1y4;Tx1y1,270.0,7
20,31,13,2,Tx3y1;Tx1y3,20,Tx3y1;Tx1y3,18,18,Tx0y2;Tx4y0;Tx2y3;Tx2y2;Tx3y1;Tx3y4;Tx3y2;Tx0y3;Tx1y2;Tx3y3;Tx3y0;Tx1y0;Tx0y4;Tx4y1;Tx4y2;Tx1y3;Tx1y4;Tx1y1,259.0,7
21,31,13,2,Tx3y1;Tx1y3,21,Tx3y1;Tx1y3,18,19,Tx0y2;Tx4y0;Tx2y3;Tx2y2;Tx3y1;Tx3y4;Tx3y2;Tx0y3;Tx1y2;Tx3y3;Tx3y0;Tx1y0;Tx0y4;Tx2y0;Tx4y1;Tx4y2;Tx1y3;Tx1y4;Tx1y1,247.0,7
22,33,14,2,Tx3y1;Tx1y3,22,Tx3y1;Tx1y3,19,20,Tx0y2;Tx4y0;Tx2y3;Tx2y2;Tx3y1;Tx3y4;Tx3y2;Tx0y3;Tx1y2;Tx3y3;Tx3y0;Tx1y0;Tx0y4;Tx4y4;Tx2y0;Tx4y1;Tx4y2;Tx1y3;Tx1y4;Tx1y1,223.0,7
23,36,15,2,Tx3y1;Tx1y3,23,Tx3y1;Tx1y3,21,21,Tx0y2;Tx4y0;Tx2y1;Tx2y3;Tx2y2;Tx3y1;Tx3y4;Tx3y2;Tx0y3;Tx1y2;Tx3y3;Tx3y0;Tx1y0;Tx0y4;Tx4y4;Tx2y0;Tx4y1;Tx4y2;Tx1y3;Tx1y4;Tx1y1,195.0,7
24,39,17,2,Tx3y1;Tx1y3,24,Tx3y1;Tx1y3,22,22,Tx0y2;Tx0y1;Tx2y1;Tx2y3;Tx2y2;Tx3y1;Tx3y4;Tx3y2;Tx0y3;Tx1y2;Tx3y3;Tx3y0;Tx1y0;Tx0y4;Tx4y4;Tx2y0;Tx4y1;Tx4y2;Tx1y3;Tx1y4;Tx1y1;Tx4y0,169.0,7
25,40,17,2,Tx3y1;Tx1y3,25,Tx3y1;Tx1y3,23,23,Tx0y2;Tx0y1;Tx2y1;Tx2y3;Tx2y2;Tx3y1;Tx3y4;Tx3y2;Tx0y3;Tx1y2;Tx3y3;Tx3y0;Tx2y4;Tx1y0;Tx0y4;Tx4y4;Tx2y0;Tx4y1;Tx4y2;Tx1y3;Tx1y4;Tx1y1;Tx4y0,152.0,7
26,40,17,2,Tx3y1;Tx1y3,26,Tx3y1;Tx1y3,23,24,Tx0y2;Tx0y1;Tx4y1;Tx2y1;Tx2y3;Tx2y2;Tx3y1;Tx3y4;Tx3y2;Tx0y3;Tx1y2;Tx3y3;Tx3y0;Tx2y4;Tx1y0;Tx0y4;Tx4y4;Tx2y0;Tx4y3;Tx4y2;Tx1y3;Tx1y4;Tx1y1;Tx4y0,138.0,7
27,41,17,2,Tx3y1;Tx1y3,27,Tx3y1;Tx1y3,24,25,Tx0y0;Tx0y2;Tx0y1;Tx4y1;Tx2y1;Tx2y3;Tx2y2;Tx3y1;Tx3y4;Tx3y2;Tx0y3;Tx1y2;Tx3y3;Tx3y0;Tx2y4;Tx1y0;Tx0y4;Tx4y4;Tx2y0;Tx4y3;Tx4y2;Tx1y3;Tx1y4;Tx1y1;Tx4y0,116.0,7
0,0,0,0,,0,,0,0,,599.0,8
1,0,0,0,,1,,0,1,Tx3y3,592.0,8
2,1,0,0,,2,,1,2,Tx3y2;Tx3y3,581.0,8
3,1,0,0,,3,,1,3,Tx2y3;Tx3y2;Tx3y3,571.0,8
4,2,0,0,,4,,2,4,Tx2y3;Tx2y2;Tx3y2;Tx3y3,561.0,8
5,4,1,0,,5,Tx1y3,3,5,Tx2y3;Tx2y2;Tx3y2;Tx3y3;Tx1y3,547.0,8
6,5,1,1,Tx1y3,6,Tx1y3,4,5,Tx2y3;Tx2y2;Tx3y2;Tx3y3;Tx1y3,530.0,8
7,6,1,1,Tx1y3,7,Tx1y3,5,6,Tx0y3;Tx2y3;Tx2y2;Tx3y2;Tx3y3;Tx1y3,517.0,8
8,9,3,1,Tx1y3,8,Tx1y3,6,7,Tx0y3;Tx2y3;Tx2y2;Tx3y2;Tx3y3;Tx4y3;Tx1y3,492.0,8
9,10,3,1,Tx1y3,9,Tx1y3,7,8,Tx0y3;Tx2y1;Tx2y3;Tx2y2;Tx3y2;Tx3y3;Tx4y3;Tx1y3,476.0,8
10,12,4,1,Tx1y3,10,Tx1y3,8,9,Tx0y3;Tx2y1;Tx2y3;Tx2y2;Tx3y2;Tx3y3;Tx4y3;Tx1y3;Tx1y1,462.0,8
11,12,4,1,Tx1y3,11,Tx1y3;Tx3y1,8,10,Tx0y3;Tx2y1;Tx2y3;Tx2y2;Tx3y1;Tx3y2;Tx3y3;Tx4y3;Tx1y3;Tx1y1,449.0,8
12,13,4,2,Tx3y1;Tx1y3,12,Tx3y1;Tx1y3,9,10,Tx0y3;Tx2y1;Tx2y3;Tx2y2;Tx3y1;Tx3y2;Tx3y3;Tx4y3;Tx1y3;Tx1y1,436.0,8
13,13,4,2,Tx3y1;Tx1y3,13,Tx3y1;Tx1y3,9,11,Tx0y3;Tx2y1;Tx2y3;Tx2y2;Tx3y1;Tx3y2;Tx3y3;Tx3y0;Tx4y3;Tx1y3;Tx1y1,428.0,8
14,14,4,2,Tx3y1;Tx1y3,14,Tx3y1;Tx1y3,10,12,Tx0y3;Tx4y1;Tx2y1;Tx2y3;Tx2y2;Tx3y1;Tx3y2;Tx3y3;Tx3y0;Tx4y3;Tx1y3;Tx1y1,416.0,8
15,15,4,2,Tx3y1;Tx1y3,15,Tx3y1;Tx1y3,11,13,Tx0y3;Tx4y1;Tx2y1;Tx2y3;Tx2y2;Tx3y1;Tx3y2;Tx3y3;Tx3y0;Tx2y0;Tx4y3;Tx1y3;Tx1y1,402.0,8
16,15,4,2,Tx3y1;Tx1y3,16,Tx1y3;Tx3y1,11,14,Tx0y3;Tx4y1;Tx4y0;Tx2y3;Tx2y2;Tx3y1;Tx3y2;Tx3y3;Tx3y0;Tx2y1;Tx2y0;Tx4y3;Tx1y3;Tx1y1,391.0,8
17,16,4,2,Tx3y1;Tx1y3,17,Tx1y3;Tx3y1,12,15,Tx0y3;Tx4y1;Tx4y0;Tx2y3;Tx2y2;Tx3y1;Tx3y2;Tx3y3;Tx3y0;Tx2y1;Tx2y0;Tx4y3;Tx4y2;Tx1y3;Tx1y1,380.0,8
18,19,5,2,Tx3y1;Tx1y3,18,Tx1y3;Tx3y1,14,16,Tx0y3;Tx4y1;Tx4y0;Tx2y3;Tx2y2;Tx3y1;Tx3y2;Tx3y3;Tx3y0;Tx2y1;Tx1y0;Tx2y0;Tx4y3;Tx4y2;Tx1y3;Tx1y1,355.0,8
19,23,7,2,Tx3y1;Tx1y3,19,Tx1y3;Tx3y1,16,17,Tx0y3;Tx0y1;Tx4y1;Tx2y3;Tx2y2;Tx3y1;Tx3y2;Tx3y3;Tx3y0;Tx2y1;Tx1y0;Tx2y0;Tx4y3;Tx4y2;Tx1y3;Tx1y1;Tx4y0,328.0,8
20,26,9,2,Tx3y1;Tx1y3,20,Tx1y3;Tx3y1,17,18,Tx0y0;Tx0y3;Tx0y1;Tx4y1;Tx2y3;Tx2y2;Tx3y1;Tx3y2;Tx3y3;Tx3y0;Tx2y1;Tx1y0;Tx2y0;Tx4y3;Tx4y2;Tx1y3;Tx1y1;Tx4y0,296.0,8
21,30,12,2,Tx3y1;Tx1y3,21,Tx1y3;Tx3y1,18,19,Tx0y0;Tx0y3;Tx0y1;Tx4y1;Tx2y3;Tx2y2;Tx3y1;Tx3y2;Tx3y3;Tx3y0;Tx2y1;Tx1y0;Tx0y4;Tx2y0;Tx4y3;Tx4y2;Tx1y3;Tx1y1;Tx4y0,256.0,8
22,32,13,2,Tx3y1;Tx1y3,22,Tx1y3;Tx3y1,19,20,Tx0y0;Tx0y3;Tx0y1;Tx4y1;Tx2y3;Tx2y2;Tx3y1;Tx3y2;Tx3y3;Tx3y0;Tx2y1;Tx1y0;Tx0y4;Tx2y0;Tx4y3;Tx4y2;Tx1y3;Tx1y4;Tx1y1;Tx4y0,232.0,8
23,33,13,2,Tx3y1;Tx1y3,23,Tx1y3;Tx3y1,20,21,Tx0y0;Tx0y3;Tx0y1;Tx4y1;Tx2y3;Tx2y2;Tx3y1;Tx3y2;Tx1y2;Tx3y3;Tx3y0;Tx2y1;Tx1y0;Tx0y4;Tx2y0;Tx4y3;Tx4y2;Tx1y3;Tx1y4;Tx1y1;Tx4y0,219.0,8
24,33,13,2,Tx3y1;Tx1y3,24,Tx1y3;Tx3y1,20,22,Tx0y0;Tx0y3;Tx0y2;Tx0y1;Tx4y1;Tx2y3;Tx2y2;Tx3y1;Tx3y2;Tx1y2;Tx3y3;Tx3y0;Tx2y1;Tx1y0;Tx0y4;Tx2y0;Tx4y3;Tx4y2;Tx1y3;Tx1y4;Tx1y1;Tx4y0,211.0,8
25,35,14,2,Tx3y1;Tx1y3,25,Tx1y3;Tx3y1,21,23,Tx0y0;Tx0y3;Tx0y2;Tx0y1;Tx4y1;Tx2y3;Tx2y2;Tx3y1;Tx3y2;Tx1y2;Tx3y3;Tx3y0;Tx2y4;Tx2y1;Tx1y0;Tx0y4;Tx2y0;Tx4y3;Tx4y2;Tx1y3;Tx1y4;Tx1y1;Tx4y0,193.0,8
26,35,14,2,Tx3y1;Tx1y3,26,Tx1y3;Tx3y1,21,24,Tx0y0;Tx0y3;Tx0y2;Tx0y1;Tx4y1;Tx2y3;Tx2y2;Tx3y1;Tx3y2;Tx1y2;Tx3y3;Tx3y0;Tx2y4;Tx2y1;Tx1y0;Tx3y4;Tx0y4;Tx2y0;Tx4y3;Tx4y2;Tx1y3;Tx1y4;Tx1y1;Tx4y0,182.0,8
27,40,17,2,Tx3y1;Tx1y3,27,Tx1y3;Tx3y1,23,25,Tx0y0;Tx0y3;Tx0y2;Tx0y1;Tx4y1;Tx2y3;Tx2y2;Tx3y1;Tx3y2;Tx1y2;Tx3y3;Tx3y0;Tx2y4;Tx2y1;Tx1y0;Tx3y4;Tx0y4;Tx4y4;Tx2y0;Tx4y3;Tx4y2;Tx1y3;Tx1y4;Tx1y1;Tx4y0,147.0,8
0,0,0,0,,0,,0,0,,599.0,9
1,0,0,0,,1,,0,1,Tx0y2,592.0,9
2,1,0,0,,2,,1,2,Tx0y2;Tx0y1,582.0,9
3,1,0,0,,3,,1,3,Tx0y2;Tx0y1;Tx1y2,571.0,9
4,2,0,0,,4,,2,4,Tx0y2;Tx0y1;Tx1y2;Tx2y2,561.0,9
5,5,1,0,,5,Tx1y3,4,5,Tx0y2;Tx0y1;Tx1y2;Tx1y3;Tx2y2,542.0,9
6,6,1,1,Tx1y3,6,Tx1y3,5,5,Tx0y2;Tx0y1;Tx1y2;Tx1y3;Tx2y2,526.0,9
7,8,2,1,Tx1y3,7,Tx1y3,6,6,Tx0y2;Tx0y1;Tx2y3;Tx1y2;Tx1y3;Tx2y2,514.0,9
8,8,2,1,Tx1y3,8,Tx1y3,6,7,Tx0y3;Tx0y2;Tx0y1;Tx2y3;Tx1y2;Tx1y3;Tx2y2,503.0,9
9,8,2,1,Tx1y3,9,Tx1y3,6,8,Tx0y3;Tx0y2;Tx0y1;Tx2y3;Tx1y2;Tx3y3;Tx1y3;Tx2y2,489.0,9
10,11,4,1,Tx1y3,10,Tx1y3,7,9,Tx0y3;Tx0y2;Tx0y1;Tx2y3;Tx1y2;Tx3y3;Tx2y4;Tx1y3;Tx2y2,465.0,9
11,13,4,1,Tx1y3,11,Tx1y3,9,10,Tx0y3;Tx0y2;Tx0y1;Tx2y3;Tx3y4;Tx1y2;Tx3y3;Tx2y4;Tx1y3;Tx2y2,447.0,9
12,16,6,1,Tx1y3,12,Tx1y3,10,11,Tx0y3;Tx0y2;Tx0y1;Tx2y3;Tx3y4;Tx3y2;Tx1y2;Tx3y3;Tx2y4;Tx1y3;Tx2y2,422.0,9
13,18,7,1,Tx1y3,13,Tx1y3,11,12,Tx0y3;Tx0y2;Tx0y1;Tx2y1;Tx2y3;Tx3y4;Tx3y2;Tx1y2;Tx3y3;Tx2y4;Tx1y3;Tx2y2,404.0,9
14,18,7,1,Tx1y3,14,Tx3y1;Tx1y3,11,13,Tx0y3;Tx0y2;Tx0y1;Tx2y1;Tx2y3;Tx3y1;Tx3y4;Tx3y2;Tx1y2;Tx3y3;Tx2y4;Tx1y3;Tx2y2,395.0,9
15,20,7,2,Tx3y1;Tx1y3,15,Tx3y1;Tx1y3,13,13,Tx0y3;Tx0y2;Tx0y1;Tx2y3;Tx3y1;Tx3y4;Tx3y2;Tx1y2;Tx3y3;Tx2y4;Tx2y1;Tx1y3;Tx2y2,380.0,9
16,20,7,2,Tx3y1;Tx1y3,16,Tx3y1;Tx1y3,13,14,Tx0y3;Tx0y2;Tx0y1;Tx2y3;Tx3y1;Tx3y4;Tx3y2;Tx1y2;Tx3y3;Tx3y0;Tx2y4;Tx2y1;Tx1y3;Tx2y2,370.0,9
17,21,7,2,Tx3y1;Tx1y3,17,Tx3y1;Tx1y3,14,15,Tx0y3;Tx0y2;Tx0y1;Tx2y3;Tx3y1;Tx3y4;Tx3y2;Tx1y2;Tx3y3;Tx3y0;Tx2y4;Tx2y1;Tx4y1;Tx1y3;Tx2y2,359.0,9
18,22,7,2,Tx3y1;Tx1y3,18,Tx3y1;Tx1y3,15,16,Tx0y3;Tx0y2;Tx0y1;Tx2y3;Tx3y1;Tx3y4;Tx3y2;Tx1y2;Tx3y3;Tx3y0;Tx2y4;Tx2y1;Tx2y0;Tx4y1;Tx1y3;Tx2y2,342.0,9
19,23,7,2,Tx3y1;Tx1y3,19,Tx3y1;Tx1y3,16,17,Tx0y3;Tx0y2;Tx0y1;Tx4y0;Tx2y3;Tx3y1;Tx3y4;Tx3y2;Tx1y2;Tx3y3;Tx3y0;Tx2y4;Tx2y1;Tx2y0;Tx4y1;Tx1y3;Tx2y2,329.0,9
20,24,7,2,Tx3y1;Tx1y3,20,Tx3y1;Tx1y3,17,18,Tx0y3;Tx0y2;Tx0y1;Tx4y0;Tx2y3;Tx3y1;Tx3y4;Tx3y2;Tx1y2;Tx3y3;Tx3y0;Tx2y4;Tx2y1;Tx2y0;Tx4y1;Tx4y2;Tx1y3;Tx2y2,311.0,9
21,24,7,2,Tx3y1;Tx1y3,21,Tx3y1;Tx1y3,17,19,Tx0y3;Tx0y2;Tx0y1;Tx4y3;Tx4y0;Tx2y3;Tx3y1;Tx3y4;Tx3y2;Tx1y2;Tx3y3;Tx3y0;Tx2y4;Tx2y1;Tx2y0;Tx4y1;Tx4y2;Tx1y3;Tx2y2,302.0,9
22,27,9,2,Tx3y1;Tx1y3,22,Tx3y1;Tx1y3,18,20,Tx0y3;Tx0y2;Tx0y1;Tx4y3;Tx4y0;Tx2y3;Tx3y1;Tx3y4;Tx3y2;Tx1y2;Tx3y3;Tx3y0;Tx2y4;Tx2y1;Tx1y0;Tx2y0;Tx4y1;Tx4y2;Tx1y3;Tx2y2,269.0,9
23,27,9,2,Tx3y1;Tx1y3,23,Tx3y1;Tx1y3,18,21,Tx0y0;Tx0y3;Tx0y2;Tx0y1;Tx4y3;Tx4y0;Tx2y3;Tx3y1;Tx3y4;Tx3y2;Tx1y2;Tx3y3;Tx3y0;Tx2y4;Tx2y1;Tx1y0;Tx2y0;Tx4y1;Tx4y2;Tx1y3;Tx2y2,257.0,9
24,30,11,2,Tx3y1;Tx1y3,24,Tx3y1;Tx1y3,19,22,Tx0y0;Tx0y3;Tx0y2;Tx0y1;Tx4y3;Tx4y0;Tx2y3;Tx3y1;Tx3y4;Tx3y2;Tx1y2;Tx3y3;Tx3y0;Tx2y4;Tx2y1;Tx1y0;Tx2y0;Tx4y1;Tx4y2;Tx1y3;Tx1y1;Tx2y2,231.0,9
0,0,0,0,,0,,0,0,,599.0,10
1,0,0,0,,1,Tx3y1,0,1,Tx3y1,593.0,10
2,2,0,1,Tx3y1,2,Tx3y1,2,1,Tx3y1,560.0,10
3,3,0,1,Tx3y1,3,Tx3y1,3,2,Tx3y1;Tx3y0,551.0,10
4,4,0,1,Tx3y1,4,Tx3y1,4,3,Tx4y1;Tx3y1;Tx3y0,541.0,10
5,6,1,1,Tx3y1,5,Tx3y1,5,4,Tx2y1;Tx4y1;Tx3y1;Tx3y0,525.0,10
6,7,1,1,Tx3y1,6,Tx3y1,6,5,Tx2y1;Tx4y0;Tx4y1;Tx3y1;Tx3y0,510.0,10
7,7,1,1,Tx3y1,7,Tx3y1,6,6,Tx2y1;Tx4y0;Tx4y1;Tx3y1;Tx2y0;Tx3y0,492.0,10
8,9,2,1,Tx3y1,8,Tx3y1,7,7,Tx2y1;Tx4y0;Tx4y1;Tx2y2;Tx3y1;Tx2y0;Tx3y0,470.0,10
9,10,2,1,Tx3y1,9,Tx3y1,8,8,Tx4y1;Tx2y1;Tx2y2;Tx3y1;Tx1y2;Tx3y0;Tx2y0;Tx4y0,460.0,10
10,10,2,1,Tx3y1,10,Tx3y1,8,9,Tx4y1;Tx2y1;Tx2y2;Tx3y1;Tx1y2;Tx0y2;Tx3y0;Tx2y0;Tx4y0,451.0,10
11,12,3,1,Tx3y1,11,Tx1y3;Tx3y1,9,10,Tx4y1;Tx2y1;Tx2y2;Tx3y1;Tx1y2;Tx0y2;Tx3y0;Tx2y0;Tx1y3;Tx4y0,435.0,10
12,13,3,2,Tx3y1;Tx1y3,12,Tx1y3;Tx3y1,10,10,Tx4y1;Tx2y1;Tx2y2;Tx3y1;Tx1y2;Tx0y2;Tx3y0;Tx2y0;Tx1y3;Tx4y0,420.0,10
13,15,4,2,Tx3y1;Tx1y3,13,Tx1y3;Tx3y1,11,11,Tx4y1;Tx2y1;Tx2y2;Tx3y1;Tx1y2;Tx0y2;Tx3y0;Tx2y0;Tx1y3;Tx1y4;Tx4y0,405.0,10
14,15,4,2,Tx3y1;Tx1y3,14,Tx1y3;Tx3y1,11,12,Tx4y1;Tx2y1;Tx2y3;Tx2y2;Tx3y1;Tx1y2;Tx0y2;Tx3y0;Tx2y0;Tx1y3;Tx1y4;Tx4y0,394.0,10
15,16,4,2,Tx3y1;Tx1y3,15,Tx1y3;Tx3y1,12,13,Tx0y3;Tx4y1;Tx2y1;Tx2y3;Tx2y2;Tx3y1;Tx1y2;Tx0y2;Tx3y0;Tx2y0;Tx1y3;Tx1y4;Tx4y0,383.0,10
16,21,7,2,Tx3y1;Tx1y3,16,Tx1y3;Tx3y1,14,14,Tx0y3;Tx0y2;Tx0y1;Tx4y1;Tx2y3;Tx2y2;Tx3y1;Tx1y2;Tx4y0;Tx3y0;Tx2y1;Tx2y0;Tx1y3;Tx1y4,351.0,10
17,22,7,2,Tx3y1;Tx1y3,17,Tx1y3;Tx3y1,15,15,Tx0y3;Tx0y2;Tx0y1;Tx4y1;Tx2y3;Tx2y2;Tx3y1;Tx1y2;Tx4y0;Tx3y3;Tx3y0;Tx2y1;Tx2y0;Tx1y3;Tx1y4,331.0,10
18,26,9,2,Tx3y1;Tx1y3,18,Tx1y3;Tx3y1,17,16,Tx0y3;Tx0y2;Tx0y1;Tx4y1;Tx2y3;Tx2y2;Tx3y1;Tx1y2;Tx4y0;Tx3y3;Tx3y0;Tx2y4;Tx2y1;Tx2y0;Tx1y3;Tx1y4,300.0,10
19,26,9,2,Tx3y1;Tx1y3,19,Tx1y3;Tx3y1,17,17,Tx0y3;Tx0y2;Tx0y1;Tx4y1;Tx2y3;Tx2y2;Tx3y1;Tx3y4;Tx1y2;Tx4y0;Tx3y3;Tx3y0;Tx2y4;Tx2y1;Tx2y0;Tx1y3;Tx1y4,282.0,10
20,28,10,2,Tx3y1;Tx1y3,20,Tx1y3;Tx3y1,18,18,Tx0y3;Tx0y2;Tx0y1;Tx4y1;Tx2y3;Tx2y2;Tx3y1;Tx3y4;Tx1y2;Tx4y0;Tx3y3;Tx3y0;Tx2y4;Tx2y1;Tx0y4;Tx2y0;Tx1y3;Tx1y4,257.0,10
21,31,12,2,Tx3y1;Tx1y3,21,Tx1y3;Tx3y1,19,19,Tx0y3;Tx0y2;Tx0y1;Tx4y1;Tx2y3;Tx2y2;Tx3y1;Tx3y4;Tx1y2;Tx4y0;Tx3y3;Tx3y0;Tx2y4;Tx2y1;Tx0y4;Tx2y0;Tx4y2;Tx1y3;Tx1y4,230.0,10
22,35,14,2,Tx3y1;Tx1y3,22,Tx1y3;Tx3y1,21,20,Tx0y0;Tx0y3;Tx0y2;Tx0y1;Tx4y1;Tx2y3;Tx2y2;Tx3y1;Tx3y4;Tx1y2;Tx4y0;Tx3y3;Tx3y0;Tx2y4;Tx2y1;Tx0y4;Tx2y0;Tx4y2;Tx1y3;Tx1y4,196.0,10
23,36,15,2,Tx3y1;Tx1y3,23,Tx3y1;Tx1y3,21,21,Tx0y0;Tx0y3;Tx0y2;Tx0y1;Tx4y1;Tx2y3;Tx2y2;Tx3y1;Tx3y4;Tx3y2;Tx1y2;Tx4y0;Tx3y3;Tx3y0;Tx2y4;Tx2y1;Tx0y4;Tx2y0;Tx4y2;Tx1y3;Tx1y4,175.0,10
24,38,16,2,Tx3y1;Tx1y3,24,Tx3y1;Tx1y3,22,22,Tx0y0;Tx0y3;Tx0y2;Tx0y1;Tx4y1;Tx2y3;Tx2y2;Tx3y1;Tx3y4;Tx3y2;Tx1y2;Tx4y0;Tx3y3;Tx3y0;Tx2y4;Tx2y1;Tx0y4;Tx2y0;Tx4y2;Tx1y3;Tx1y4;Tx1y1,154.0,10
25,39,16,2,Tx3y1;Tx1y3,25,Tx3y1;Tx1y3,23,23,Tx0y0;Tx0y3;Tx0y2;Tx0y1;Tx4y1;Tx2y3;Tx2y2;Tx3y1;Tx3y4;Tx3y2;Tx1y2;Tx4y0;Tx3y3;Tx3y0;Tx2y4;Tx2y1;Tx1y0;Tx0y4;Tx2y0;Tx4y2;Tx1y3;Tx1y4;Tx1y1,144.0,10
26,41,17,2,Tx3y1;Tx1y3,26,Tx3y1;Tx1y3,24,24,Tx0y0;Tx0y3;Tx0y2;Tx0y1;Tx4y1;Tx4y3;Tx2y3;Tx2y2;Tx3y1;Tx3y4;Tx3y2;Tx4y0;Tx3y3;Tx3y0;Tx2y4;Tx2y1;Tx1y0;Tx1y2;Tx0y4;Tx2y0;Tx4y2;Tx1y3;Tx1y4;Tx1y1,119.0,10
27,41,17,2,Tx3y1;Tx1y3,27,Tx1y3;Tx3y1,24,25,Tx0y0;Tx0y3;Tx0y2;Tx0y1;Tx4y1;Tx4y3;Tx2y3;Tx2y2;Tx3y1;Tx3y4;Tx3y2;Tx4y0;Tx3y3;Tx3y0;Tx2y4;Tx2y1;Tx1y0;Tx1y2;Tx0y4;Tx4y4;Tx2y0;Tx4y2;Tx1y3;Tx1y4;Tx1y1,110.0,10
0,0,0,0,,0,,0,0,,599.0,11
1,0,0,0,,1,,0,1,Tx2y2,592.0,11
2,1,0,0,,2,,1,2,Tx2y1;Tx2y2,582.0,11
3,1,0,0,,3,,1,3,Tx2y1;Tx2y2;Tx1y2,573.0,11
4,3,1,0,,4,,2,4,Tx2y1;Tx0y2;Tx2y2;Tx1y2,560.0,11
5,5,2,0,,5,,3,5,Tx2y1;Tx0y2;Tx0y1;Tx2y2;Tx1y2,547.0,11
6,8,3,0,,6,,5,6,Tx2y1;Tx0y2;Tx0y1;Tx2y3;Tx2y2;Tx1y2,527.0,11
7,8,3,0,,7,,5,7,Tx0y2;Tx0y1;Tx2y1;Tx2y3;Tx2y2;Tx1y2;Tx3y3,518.0,11
8,9,3,0,,8,,6,8,Tx0y2;Tx0y1;Tx2y1;Tx2y3;Tx2y2;Tx1y2;Tx3y3;Tx3y2,506.0,11
9,12,5,0,,9,Tx3y1,7,9,Tx0y2;Tx0y1;Tx2y1;Tx2y3;Tx2y2;Tx1y2;Tx3y3;Tx3y1;Tx3y2,471.0,11
10,13,5,1,Tx3y1,10,Tx3y1,8,9,Tx0y2;Tx0y1;Tx2y1;Tx2y3;Tx2y2;Tx1y2;Tx3y3;Tx3y1;Tx3y2,456.0,11
11,13,5,1,Tx3y1,11,Tx3y1,8,10,Tx0y2;Tx0y1;Tx2y1;Tx2y3;Tx2y2;Tx1y2;Tx3y3;Tx3y0;Tx3y1;Tx3y2,447.0,11
12,14,5,1,Tx3y1,12,Tx3y1,9,11,Tx0y2;Tx0y1;Tx4y1;Tx2y1;Tx2y3;Tx2y2;Tx1y2;Tx3y3;Tx3y0;Tx3y1;Tx3y2,436.0,11
13,15,5,1,Tx3y1,13,Tx3y1,10,12,Tx0y2;Tx0y1;Tx4y1;Tx2y1;Tx2y3;Tx2y2;Tx1y2;Tx3y3;Tx3y0;Tx3y1;Tx3y2;Tx2y0,420.0,11
14,15,5,1,Tx3y1,14,Tx3y1,10,13,Tx0y2;Tx0y1;Tx4y1;Tx2y1;Tx2y3;Tx2y2;Tx1y2;Tx3y3;Tx3y0;Tx3y1;Tx3y2;Tx2y0;Tx4y0,409.0,11
15,25,8,1,Tx3y1,15,Tx3y1,17,14,Tx0y2;Tx0y1;Tx4y1;Tx4y0;Tx2y3;Tx2y2;Tx3y2;Tx1y2;Tx3y3;Tx3y0;Tx3y1;Tx2y1;Tx1y0;Tx2y0,309.0,11
16,28,10,1,Tx3y1,16,Tx3y1,18,15,Tx0y2;Tx0y1;Tx4y1;Tx4y0;Tx2y3;Tx2y2;Tx3y4;Tx3y2;Tx1y2;Tx3y3;Tx3y0;Tx3y1;Tx2y1;Tx1y0;Tx2y0,280.0,11
17,32,14,1,Tx3y1,17,Tx3y1,18,16,Tx0y2;Tx0y1;Tx4y3;Tx4y0;Tx2y3;Tx2y2;Tx3y4;Tx3y2;Tx1y2;Tx3y3;Tx3y0;Tx3y1;Tx2y1;Tx1y0;Tx2y0;Tx4y1,245.0,11
18,33,14,1,Tx3y1,18,Tx3y1,19,17,Tx0y2;Tx0y1;Tx4y3;Tx4y0;Tx2y3;Tx2y2;Tx3y4;Tx3y2;Tx1y2;Tx3y3;Tx3y0;Tx3y1;Tx2y1;Tx1y0;Tx2y0;Tx4y1;Tx4y2,235.0,11
19,34,14,1,Tx3y1,19,Tx3y1,20,18,Tx0y0;Tx0y2;Tx0y1;Tx4y3;Tx4y0;Tx2y3;Tx2y2;Tx3y4;Tx3y2;Tx1y2;Tx3y3;Tx3y0;Tx3y1;Tx2y1;Tx1y0;Tx2y0;Tx4y1;Tx4y2,214.0,11
20,36,15,1,Tx3y1,20,Tx3y1,21,19,Tx0y0;Tx0y2;Tx0y1;Tx4y3;Tx4y0;Tx2y3;Tx2y2;Tx3y4;Tx3y2;Tx1y2;Tx3y3;Tx3y0;Tx3y1;Tx2y1;Tx1y0;Tx4y4;Tx2y0;Tx4y1;Tx4y2,186.0,11
21,40,17,1,Tx3y1,21,Tx3y1,23,20,Tx0y0;Tx0y2;Tx0y1;Tx4y1;Tx4y0;Tx2y3;Tx2y2;Tx3y4;Tx3y2;Tx1y2;Tx3y3;Tx3y0;Tx3y1;Tx2y1;Tx1y0;Tx4y4;Tx2y0;Tx4y3;Tx4y2;Tx1y4,155.0,11
22,41,18,1,Tx3y1,22,Tx1y3;Tx3y1,23,21,Tx0y0;Tx0y2;Tx0y1;Tx4y1;Tx4y0;Tx2y3;Tx2y2;Tx3y4;Tx3y2;Tx1y2;Tx1y3;Tx3y3;Tx3y0;Tx3y1;Tx2y1;Tx1y0;Tx4y4;Tx2y0;Tx4y3;Tx4y2;Tx1y4,140.0,11
23,42,18,2,Tx3y1;Tx1y3,23,Tx3y1;Tx1y3,24,21,Tx0y0;Tx0y2;Tx0y1;Tx4y1;Tx4y0;Tx2y3;Tx2y2;Tx3y4;Tx3y2;Tx1y2;Tx1y3;Tx3y3;Tx3y0;Tx3y1;Tx2y1;Tx1y0;Tx4y4;Tx2y0;Tx4y3;Tx4y2;Tx1y4,125.0,11
24,42,18,2,Tx3y1;Tx1y3,24,Tx3y1;Tx1y3,24,22,Tx0y0;Tx0y2;Tx0y1;Tx4y1;Tx4y0;Tx2y3;Tx2y2;Tx3y4;Tx3y2;Tx0y3;Tx1y2;Tx1y3;Tx3y3;Tx3y0;Tx3y1;Tx2y1;Tx1y0;Tx4y4;Tx2y0;Tx4y3;Tx4y2;Tx1y4,117.0,11
25,43,19,2,Tx3y1;Tx1y3,25,Tx3y1;Tx1y3,24,23,Tx0y0;Tx0y2;Tx0y1;Tx4y1;Tx4y0;Tx2y3;Tx2y2;Tx3y4;Tx3y2;Tx0y3;Tx1y2;Tx1y3;Tx3y3;Tx3y0;Tx3y1;Tx2y1;Tx1y0;Tx4y4;Tx2y0;Tx4y3;Tx4y2;Tx1y4;Tx1y1,100.0,11
26,44,19,2,Tx1y3;Tx3y1,26,Tx3y1;Tx1y3,25,24,Tx0y0;Tx0y2;Tx0y1;Tx4y1;Tx4y0;Tx2y3;Tx2y2;Tx3y4;Tx3y2;Tx0y3;Tx1y2;Tx1y3;Tx3y3;Tx3y0;Tx2y4;Tx3y1;Tx2y1;Tx1y0;Tx4y4;Tx2y0;Tx4y3;Tx4y2;Tx1y4;Tx1y1,85.0,11
27,44,19,2,Tx1y3;Tx3y1,27,Tx3y1;Tx1y3,25,25,Tx0y0;Tx0y2;Tx0y1;Tx4y1;Tx4y0;Tx2y3;Tx2y2;Tx3y4;Tx3y2;Tx0y3;Tx1y2;Tx1y3;Tx3y3;Tx3y0;Tx2y4;Tx3y1;Tx2y1;Tx1y0;Tx0y4;Tx4y4;Tx2y0;Tx4y3;Tx4y2;Tx1y4;Tx1y1,70.0,11
0,0,0,0,,0,,0,0,,599.0,12
1,0,0,0,,1,,0,1,Tx0y3,592.0,12
2,2,1,0,,2,,1,2,Tx0y3;Tx0y4,579.0,12
3,4,2,0,,3,Tx1y3,2,3,Tx0y3;Tx0y4;Tx1y3,560.0,12
4,5,2,1,Tx1y3,4,Tx1y3,3,3,Tx0y3;Tx0y4;Tx1y3,545.0,12
5,6,2,1,Tx1y3,5,Tx1y3,4,4,Tx0y3;Tx2y3;Tx0y4;Tx1y3,536.0,12
6,7,2,1,Tx1y3,6,Tx1y3,5,5,Tx0y3;Tx2y3;Tx0y4;Tx1y2;Tx1y3,523.0,12
7,8,2,1,Tx1y3,7,Tx1y3,6,6,Tx0y3;Tx2y3;Tx2y2;Tx0y4;Tx1y2;Tx1y3,513.0,12
8,9,3,1,Tx1y3,8,Tx1y3,6,7,Tx0y3;Tx2y3;Tx2y2;Tx1y2;Tx0y4;Tx1y3;Tx1y1,496.0,12
9,11,4,1,Tx1y3,9,Tx1y3,7,8,Tx0y3;Tx2y3;Tx2y2;Tx1y2;Tx3y3;Tx0y4;Tx1y3;Tx1y1,477.0,12
10,14,6,1,Tx1y3,10,Tx1y3,8,9,Tx0y3;Tx2y3;Tx2y2;Tx1y2;Tx3y3;Tx2y4;Tx0y4;Tx1y3;Tx1y1,453.0,12
11,15,6,1,Tx1y3,11,Tx1y3,9,10,Tx0y3;Tx2y3;Tx2y2;Tx1y2;Tx3y3;Tx2y4;Tx3y4;Tx0y4;Tx1y3;Tx1y1,443.0,12
12,18,8,1,Tx1y3,12,Tx1y3,10,11,Tx0y3;Tx2y3;Tx2y2;Tx3y2;Tx1y2;Tx3y3;Tx2y4;Tx0y4;Tx1y3;Tx1y1;Tx3y4,419.0,12
13,20,9,1,Tx1y3,13,Tx1y3,11,12,Tx0y3;Tx2y1;Tx2y3;Tx2y2;Tx3y2;Tx1y2;Tx3y3;Tx2y4;Tx3y4;Tx0y4;Tx1y3;Tx1y1,391.0,12
14,23,10,1,Tx1y3,14,Tx1y3,13,13,Tx0y3;Tx2y1;Tx2y3;Tx2y2;Tx3y2;Tx1y2;Tx3y3;Tx2y4;Tx3y4;Tx0y4;Tx4y3;Tx1y3;Tx1y1,367.0,12
15,24,10,1,Tx1y3,15,Tx3y1;Tx1y3,14,14,Tx0y3;Tx2y3;Tx2y2;Tx3y1;Tx3y2;Tx1y2;Tx3y3;Tx2y4;Tx2y1;Tx3y4;Tx0y4;Tx4y3;Tx1y3;Tx1y1,350.0,12
16,26,10,2,Tx3y1;Tx1y3,16,Tx3y1;Tx1y3,16,14,Tx0y3;Tx2y3;Tx2y2;Tx3y1;Tx3y2;Tx1y2;Tx3y3;Tx2y4;Tx2y1;Tx3y4;Tx0y4;Tx4y3;Tx1y3;Tx1y1,321.0,12
17,27,10,2,Tx3y1;Tx1y3,17,Tx3y1;Tx1y3,17,15,Tx0y3;Tx2y3;Tx2y2;Tx3y1;Tx3y2;Tx1y2;Tx3y3;Tx3y0;Tx2y4;Tx2y1;Tx3y4;Tx0y4;Tx4y3;Tx1y3;Tx1y1,312.0,12
18,27,10,2,Tx3y1;Tx1y3,18,Tx3y1;Tx1y3,17,16,Tx0y3;Tx4y3;Tx2y3;Tx2y2;Tx3y1;Tx3y2;Tx1y2;Tx3y3;Tx3y0;Tx2y4;Tx2y1;Tx3y4;Tx0y4;Tx4y1;Tx1y3;Tx1y1,301.0,12
19,28,10,2,Tx3y1;Tx1y3,19,Tx3y1;Tx1y3,18,17,Tx0y3;Tx4y3;Tx4y0;Tx2y3;Tx2y2;Tx3y1;Tx3y2;Tx1y2;Tx3y3;Tx3y0;Tx2y4;Tx2y1;Tx3y4;Tx0y4;Tx4y1;Tx1y3;Tx1y1,283.0,12
20,28,10,2,Tx3y1;Tx1y3,20,Tx3y1;Tx1y3,18,18,Tx0y3;Tx4y3;Tx4y0;Tx2y3;Tx2y2;Tx3y1;Tx3y4;Tx3y2;Tx1y2;Tx3y3;Tx3y0;Tx2y4;Tx2y1;Tx0y4;Tx2y0;Tx4y1;Tx1y3;Tx1y1,273.0,12
21,29,11,2,Tx3y1;Tx1y3,21,Tx3y1;Tx1y3,18,19,Tx0y3;Tx4y3;Tx4y0;Tx2y3;Tx2y2;Tx3y1;Tx3y4;Tx3y2;Tx1y2;Tx3y3;Tx3y0;Tx2y4;Tx2y1;Tx0y4;Tx2y0;Tx4y1;Tx4y2;Tx1y3;Tx1y1,255.0,12
22,31,12,2,Tx3y1;Tx1y3,22,Tx3y1;Tx1y3,19,20,Tx0y3;Tx4y3;Tx4y0;Tx2y3;Tx2y2;Tx3y1;Tx3y4;Tx3y2;Tx1y2;Tx3y3;Tx3y0;Tx2y4;Tx2y1;Tx1y0;Tx0y4;Tx2y0;Tx4y1;Tx4y2;Tx1y3;Tx1y1,227.0,12
23,34,13,2,Tx3y1;Tx1y3,23,Tx3y1;Tx1y3,21,21,Tx0y3;Tx0y1;Tx4y3;Tx2y3;Tx2y2;Tx3y1;Tx3y4;Tx3y2;Tx1y2;Tx3y3;Tx3y0;Tx2y4;Tx2y1;Tx1y0;Tx0y4;Tx2y0;Tx4y1;Tx4y2;Tx1y3;Tx1y1;Tx4y0,209.0,12
24,36,15,2,Tx3y1;Tx1y3,24,Tx3y1;Tx1y3,21,22,Tx0y0;Tx0y3;Tx0y1;Tx4y3;Tx2y3;Tx2y2;Tx3y1;Tx3y4;Tx3y2;Tx1y2;Tx3y3;Tx3y0;Tx2y4;Tx2y1;Tx1y0;Tx0y4;Tx2y0;Tx4y1;Tx4y2;Tx1y3;Tx1y1;Tx4y0,182.0,12
25,40,17,2,Tx3y1;Tx1y3,25,Tx3y1;Tx1y3,23,23,Tx0y0;Tx0y3;Tx0y1;Tx4y1;Tx2y3;Tx2y2;Tx3y1;Tx3y2;Tx1y2;Tx3y3;Tx3y0;Tx2y4;Tx2y1;Tx1y0;Tx3y4;Tx0y4;Tx2y0;Tx4y3;Tx4y2;Tx1y3;Tx1y4;Tx1y1;Tx4y0,151.0,12
26,41,17,2,Tx3y1;Tx1y3,26,Tx3y1;Tx1y3,24,24,Tx0y0;Tx0y3;Tx0y2;Tx0y1;Tx4y1;Tx2y3;Tx2y2;Tx3y1;Tx3y2;Tx1y2;Tx3y3;Tx3y0;Tx2y4;Tx2y1;Tx1y0;Tx3y4;Tx0y4;Tx2y0;Tx4y3;Tx4y2;Tx1y3;Tx1y4;Tx1y1;Tx4y0,135.0,12
27,44,19,2,Tx3y1;Tx1y3,27,Tx3y1;Tx1y3,25,25,Tx0y0;Tx0y3;Tx0y2;Tx0y1;Tx4y1;Tx2y3;Tx2y2;Tx3y1;Tx3y2;Tx1y2;Tx3y3;Tx3y0;Tx2y4;Tx2y1;Tx1y0;Tx3y4;Tx0y4;Tx4y4;Tx2y0;Tx4y3;Tx4y2;Tx1y3;Tx1y4;Tx1y1;Tx4y0,97.0,12
0,0,0,0,,0,,0,0,,599.0,13
1,0,0,0,,1,,0,1,Tx1y2,593.0,13
2,1,0,0,,2,,1,2,Tx2y2;Tx1y2,582.0,13
3,3,1,0,,3,,2,3,Tx0y2;Tx2y2;Tx1y2,559.0,13
4,4,1,0,,4,,3,4,Tx0y2;Tx0y1;Tx2y2;Tx1y2,547.0,13
5,7,3,0,,5,Tx1y3,4,5,Tx0y2;Tx0y1;Tx2y2;Tx1y2;Tx1y3,530.0,13
6,8,3,1,Tx1y3,6,Tx1y3,5,5,Tx0y2;Tx0y1;Tx2y2;Tx1y2;Tx1y3,515.0,13
7,9,3,1,Tx1y3,7,Tx1y3,6,6,Tx0y2;Tx0y1;Tx2y3;Tx2y2;Tx1y2;Tx1y3,503.0,13
8,9,3,1,Tx1y3,8,Tx1y3,6,7,Tx0y2;Tx0y1;Tx2y3;Tx2y2;Tx1y2;Tx3y3;Tx1y3,492.0,13
9,12,5,1,Tx1y3,9,Tx1y3,7,8,Tx0y2;Tx0y1;Tx2y3;Tx2y2;Tx1y2;Tx3y3;Tx2y4;Tx1y3,469.0,13
10,13,5,1,Tx1y3,10,Tx1y3,8,9,Tx0y2;Tx0y1;Tx2y3;Tx2y2;Tx3y4;Tx1y2;Tx3y3;Tx2y4;Tx1y3,458.0,13
11,15,6,1,Tx1y3,11,Tx1y3,9,10,Tx0y2;Tx0y1;Tx2y1;Tx2y3;Tx2y2;Tx3y4;Tx1y2;Tx3y3;Tx2y4;Tx1y3,434.0,13
12,16,6,1,Tx1y3,12,Tx1y3;Tx3y1,10,11,Tx0y2;Tx0y1;Tx2y1;Tx2y3;Tx2y2;Tx3y1;Tx3y4;Tx1y2;Tx3y3;Tx2y4;Tx1y3,423.0,13
13,16,6,2,Tx3y1;Tx1y3,13,Tx1y3;Tx3y1,10,11,Tx0y2;Tx0y1;Tx2y1;Tx2y3;Tx2y2;Tx3y1;Tx3y4;Tx1y2;Tx3y3;Tx2y4;Tx1y3,408.0,13
14,17,6,2,Tx3y1;Tx1y3,14,Tx1y3;Tx3y1,11,12,Tx0y2;Tx0y1;Tx2y1;Tx2y3;Tx2y2;Tx3y1;Tx3y4;Tx1y2;Tx3y3;Tx2y4;Tx1y3;Tx3y0,398.0,13
15,17,6,2,Tx3y1;Tx1y3,15,Tx1y3;Tx3y1,11,13,Tx0y2;Tx0y1;Tx2y1;Tx2y3;Tx2y2;Tx3y1;Tx3y4;Tx1y2;Tx3y3;Tx2y4;Tx4y1;Tx1y3;Tx3y0,389.0,13
16,19,6,2,Tx3y1;Tx1y3,16,Tx1y3;Tx3y1,13,14,Tx0y2;Tx0y1;Tx4y0;Tx2y3;Tx2y2;Tx3y1;Tx3y4;Tx1y2;Tx3y3;Tx2y4;Tx2y1;Tx4y1;Tx1y3;Tx3y0,371.0,13
17,19,6,2,Tx3y1;Tx1y3,17,Tx1y3;Tx3y1,13,15,Tx0y2;Tx0y1;Tx4y0;Tx2y3;Tx2y2;Tx3y1;Tx3y4;Tx1y2;Tx3y3;Tx2y4;Tx2y1;Tx2y0;Tx4y1;Tx1y3;Tx3y0,361.0,13
18,23,8,2,Tx3y1;Tx1y3,18,Tx1y3;Tx3y1,15,16,Tx0y2;Tx0y1;Tx4y0;Tx2y3;Tx2y2;Tx3y1;Tx3y4;Tx1y2;Tx3y3;Tx2y4;Tx2y1;Tx2y0;Tx4y1;Tx4y2;Tx1y3;Tx3y0,334.0,13
19,24,8,2,Tx3y1;Tx1y3,19,Tx1y3;Tx3y1,16,17,Tx0y2;Tx0y1;Tx4y3;Tx4y0;Tx2y3;Tx2y2;Tx3y1;Tx3y4;Tx1y2;Tx3y3;Tx2y4;Tx2y1;Tx2y0;Tx4y1;Tx4y2;Tx1y3;Tx3y0,322.0,13
20,27,10,2,Tx3y1;Tx1y3,20,Tx1y3;Tx3y1,17,18,Tx0y2;Tx0y1;Tx4y3;Tx4y0;Tx2y3;Tx2y2;Tx3y1;Tx3y4;Tx1y2;Tx3y3;Tx2y4;Tx2y1;Tx1y0;Tx2y0;Tx4y1;Tx4y2;Tx1y3;Tx3y0,289.0,13
21,28,10,2,Tx3y1;Tx1y3,21,Tx1y3;Tx3y1,18,19,Tx0y0;Tx0y2;Tx0y1;Tx4y3;Tx4y0;Tx2y3;Tx2y2;Tx3y1;Tx3y4;Tx1y2;Tx3y3;Tx2y4;Tx2y1;Tx1y0;Tx2y0;Tx4y1;Tx4y2;Tx1y3;Tx3y0,279.0,13
22,34,15,2,Tx3y1;Tx1y3,22,Tx3y1;Tx1y3,19,20,Tx0y0;Tx0y2;Tx0y1;Tx4y3;Tx4y0;Tx2y3;Tx2y2;Tx3y1;Tx3y4;Tx1y2;Tx3y3;Tx2y4;Tx2y1;Tx1y0;Tx4y4;Tx2y0;Tx4y1;Tx4y2;Tx1y3;Tx3y0,224.0,13
23,36,16,2,Tx3y1;Tx1y3,23,Tx3y1;Tx1y3,20,21,Tx0y0;Tx0y2;Tx0y1;Tx4y3;Tx4y0;Tx2y3;Tx2y2;Tx3y1;Tx3y2;Tx1y2;Tx1y3;Tx3y3;Tx2y4;Tx2y1;Tx1y0;Tx3y4;Tx4y4;Tx2y0;Tx4y1;Tx4y2;Tx3y0,202.0,13
24,37,16,2,Tx3y1;Tx1y3,24,Tx3y1;Tx1y3,21,22,Tx0y0;Tx0y2;Tx0y1;Tx4y3;Tx4y0;Tx2y3;Tx2y2;Tx3y1;Tx3y4;Tx3y2;Tx0y3;Tx1y2;Tx1y3;Tx3y3;Tx2y4;Tx2y1;Tx1y0;Tx4y4;Tx2y0;Tx4y1;Tx4y2;Tx3y0,187.0,13
25,38,17,2,Tx3y1;Tx1y3,25,Tx3y1;Tx1y3,21,23,Tx0y0;Tx0y2;Tx0y1;Tx4y1;Tx4y0;Tx2y3;Tx2y2;Tx3y1;Tx3y4;Tx3y2;Tx0y3;Tx1y2;Tx1y3;Tx3y3;Tx2y4;Tx2y1;Tx1y0;Tx4y4;Tx2y0;Tx4y3;Tx4y2;Tx1y4;Tx3y0,164.0,13
26,40,18,2,Tx3y1;Tx1y3,26,Tx3y1;Tx1y3,22,24,Tx0y0;Tx0y2;Tx0y1;Tx4y1;Tx4y0;Tx2y3;Tx2y2;Tx3y1;Tx3y4;Tx3y2;Tx0y3;Tx1y2;Tx1y3;Tx3y3;Tx2y4;Tx2y1;Tx1y0;Tx0y4;Tx4y4;Tx2y0;Tx4y3;Tx4y2;Tx1y4;Tx3y0,145.0,13
27,42,19,2,Tx3y1;Tx1y3,27,Tx3y1;Tx1y3,23,25,Tx0y0;Tx0y2;Tx0y1;Tx4y1;Tx4y0;Tx2y3;Tx2y2;Tx3y1;Tx3y4;Tx3y2;Tx0y3;Tx1y2;Tx1y3;Tx3y3;Tx2y4;Tx2y1;Tx1y0;Tx0y4;Tx4y4;Tx2y0;Tx4y3;Tx4y2;Tx1y4;Tx1y1;Tx3y0,126.0,13
0,0,0,0,,0,,0,0,,599.0,14
1,0,0,0,,1,,0,1,Tx3y3,593.0,14
2,1,0,0,,2,,1,2,Tx3y2;Tx3y3,582.0,14
3,1,0,0,,3,,1,3,Tx2y3;Tx3y2;Tx3y3,572.0,14
4,2,0,0,,4,,2,4,Tx2y3;Tx2y2;Tx3y2;Tx3y3,562.0,14
5,4,1,0,,5,Tx1y3,3,5,Tx2y3;Tx2y2;Tx3y2;Tx3y3;Tx1y3,549.0,14
6,5,1,1,Tx1y3,6,Tx1y3,4,5,Tx2y3;Tx2y2;Tx3y2;Tx3y3;Tx1y3,535.0,14
7,7,2,1,Tx1y3,7,Tx1y3,5,6,Tx0y3;Tx2y3;Tx2y2;Tx3y2;Tx3y3;Tx1y3,523.0,14
8,9,3,1,Tx1y3,8,Tx1y3,6,7,Tx0y3;Tx2y3;Tx2y2;Tx3y2;Tx1y2;Tx3y3;Tx1y3,506.0,14
9,10,4,1,Tx1y3,9,Tx1y3,6,8,Tx0y3;Tx2y3;Tx2y2;Tx3y2;Tx1y2;Tx3y3;Tx1y3;Tx1y1,491.0,14
10,11,4,1,Tx1y3,10,Tx1y3,7,9,Tx0y3;Tx0y2;Tx2y3;Tx2y2;Tx3y2;Tx1y2;Tx3y3;Tx1y3;Tx1y1,480.0,14
11,11,4,1,Tx1y3,11,Tx1y3,7,10,Tx0y3;Tx0y2;Tx0y1;Tx2y3;Tx2y2;Tx3y2;Tx1y2;Tx3y3;Tx1y3;Tx1y1,469.0,14
12,15,6,1,Tx1y3,12,Tx1y3,9,11,Tx0y3;Tx0y2;Tx0y1;Tx2y3;Tx2y2;Tx3y2;Tx1y2;Tx3y3;Tx3y4;Tx1y3;Tx1y1,425.0,14
13,21,10,1,Tx1y3,13,Tx1y3,11,12,Tx0y3;Tx0y2;Tx0y1;Tx2y3;Tx2y2;Tx3y2;Tx1y2;Tx3y3;Tx3y4;Tx4y3;Tx1y3;Tx1y1,391.0,14
14,23,10,1,Tx1y3,14,Tx1y3,13,13,Tx0y3;Tx0y2;Tx0y1;Tx2y3;Tx3y2;Tx1y2;Tx3y3;Tx2y1;Tx3y4;Tx2y2;Tx4y3;Tx1y3;Tx1y1,374.0,14
15,23,10,1,Tx1y3,15,Tx3y1;Tx1y3,13,14,Tx0y3;Tx0y2;Tx0y1;Tx2y3;Tx3y1;Tx3y2;Tx1y2;Tx3y3;Tx2y1;Tx3y4;Tx2y2;Tx4y3;Tx1y3;Tx1y1,364.0,14
16,24,10,2,Tx3y1;Tx1y3,16,Tx3y1;Tx1y3,14,14,Tx0y3;Tx0y2;Tx0y1;Tx2y3;Tx3y1;Tx3y2;Tx1y2;Tx3y3;Tx2y1;Tx3y4;Tx2y2;Tx4y3;Tx1y3;Tx1y1,349.0,14
17,25,10,2,Tx3y1;Tx1y3,17,Tx3y1;Tx1y3,15,15,Tx0y3;Tx0y2;Tx0y1;Tx2y3;Tx3y1;Tx3y2;Tx1y2;Tx3y3;Tx2y1;Tx3y4;Tx2y2;Tx4y3;Tx1y3;Tx1y1;Tx3y0,332.0,14
18,26,10,2,Tx3y1;Tx1y3,18,Tx3y1;Tx1y3,16,16,Tx0y3;Tx0y2;Tx0y1;Tx4y1;Tx2y3;Tx3y1;Tx3y2;Tx1y2;Tx3y3;Tx2y1;Tx3y4;Tx4y3;Tx1y3;Tx1y1;Tx3y0;Tx2y2,312.0,14
19,27,10,2,Tx3y1;Tx1y3,19,Tx3y1;Tx1y3,17,17,Tx0y3;Tx0y2;Tx0y1;Tx4y1;Tx4y0;Tx2y3;Tx3y1;Tx3y2;Tx1y2;Tx3y3;Tx2y1;Tx3y4;Tx4y3;Tx1y3;Tx1y1;Tx3y0;Tx2y2,301.0,14
20,27,10,2,Tx3y1;Tx1y3,20,Tx3y1;Tx1y3,17,18,Tx0y3;Tx0y2;Tx0y1;Tx4y1;Tx4y0;Tx2y3;Tx3y1;Tx3y4;Tx3y2;Tx1y2;Tx3y3;Tx2y1;Tx2y0;Tx4y3;Tx1y3;Tx1y1;Tx3y0;Tx2y2,289.0,14
21,30,12,2,Tx3y1;Tx1y3,21,Tx3y1;Tx1y3,18,19,Tx0y3;Tx0y2;Tx0y1;Tx4y1;Tx4y0;Tx2y3;Tx3y1;Tx3y4;Tx3y2;Tx1y2;Tx3y3;Tx2y1;Tx2y0;Tx4y3;Tx4y2;Tx1y3;Tx1y1;Tx3y0;Tx2y2,262.0,14
22,33,14,2,Tx3y1;Tx1y3,22,Tx3y1;Tx1y3,19,20,Tx0y3;Tx0y2;Tx0y1;Tx4y1;Tx4y0;Tx2y3;Tx3y1;Tx3y4;Tx3y2;Tx1y2;Tx3y3;Tx2y1;Tx1y0;Tx2y0;Tx4y3;Tx4y2;Tx1y3;Tx1y1;Tx3y0;Tx2y2,232.0,14
23,33,14,2,Tx3y1;Tx1y3,23,Tx3y1;Tx1y3,19,21,Tx0y0;Tx0y3;Tx0y2;Tx0y1;Tx4y1;Tx4y0;Tx2y3;Tx3y1;Tx3y4;Tx3y2;Tx1y2;Tx3y3;Tx2y1;Tx1y0;Tx2y0;Tx4y3;Tx4y2;Tx1y3;Tx1y1;Tx3y0;Tx2y2,223.0,14
24,37,16,2,Tx3y1;Tx1y3,24,Tx3y1;Tx1y3,21,22,Tx0y0;Tx0y3;Tx0y2;Tx0y1;Tx4y1;Tx4y0;Tx2y3;Tx3y1;Tx3y2;Tx1y2;Tx3y3;Tx2y1;Tx1y0;Tx3y4;Tx0y4;Tx2y0;Tx4y3;Tx4y2;Tx1y3;Tx1y1;Tx3y0;Tx2y2,188.0,14
25,38,16,2,Tx3y1;Tx1y3,25,Tx1y3;Tx3y1,22,23,Tx0y0;Tx0y3;Tx0y2;Tx0y1;Tx4y1;Tx4y0;Tx2y3;Tx3y1;Tx3y2;Tx1y2;Tx3y3;Tx2y1;Tx1y0;Tx3y4;Tx0y4;Tx4y4;Tx2y0;Tx4y3;Tx4y2;Tx1y3;Tx1y1;Tx3y0;Tx2y2,164.0,14
26,41,18,2,Tx3y1;Tx1y3,26,Tx1y3;Tx3y1,23,24,Tx0y0;Tx0y3;Tx0y2;Tx0y1;Tx4y1;Tx4y0;Tx2y3;Tx3y1;Tx3y2;Tx1y2;Tx1y3;Tx3y3;Tx2y1;Tx1y0;Tx3y4;Tx0y4;Tx4y4;Tx2y0;Tx4y3;Tx4y2;Tx1y4;Tx1y1;Tx3y0;Tx2y2,135.0,14
27,42,18,2,Tx3y1;Tx1y3,27,Tx1y3;Tx3y1,24,25,Tx0y0;Tx0y3;Tx0y2;Tx0y1;Tx2y3;Tx4y1;Tx4y0;Tx3y1;Tx3y2;Tx1y2;Tx1y3;Tx3y3;Tx2y4;Tx2y1;Tx1y0;Tx3y4;Tx0y4;Tx4y4;Tx2y0;Tx4y3;Tx4y2;Tx1y4;Tx1y1;Tx3y0;Tx2y2,123.0,14
0,0,0,0,,0,,0,0,,599.0,15
1,0,0,0,,1,,0,1,Tx3y4,592.0,15
2,1,0,0,,2,,1,2,Tx2y4;Tx3y4,583.0,15
3,2,1,0,,3,,1,3,Tx2y4;Tx3y4;Tx1y4,571.0,15
4,11,6,0,,4,,5,4,Tx2y4;Tx3y4;Tx3y3;Tx1y4,526.0,15
5,12,6,0,,5,,6,5,Tx2y4;Tx3y4;Tx3y2;Tx3y3;Tx1y4,515.0,15
6,12,6,0,,6,,6,6,Tx2y4;Tx3y3;Tx3y4;Tx3y2;Tx4y3;Tx1y4,505.0,15
7,12,6,0,,7,Tx3y1,6,7,Tx3y1;Tx3y4;Tx3y2;Tx3y3;Tx2y4;Tx4y3;Tx1y4,491.0,15
8,13,6,1,Tx3y1,8,Tx3y1,7,7,Tx3y1;Tx3y4;Tx3y2;Tx3y3;Tx2y4;Tx4y3;Tx1y4,478.0,15
9,13,6,1,Tx3y1,9,Tx3y1,7,8,Tx3y1;Tx3y4;Tx3y2;Tx3y3;Tx2y4;Tx4y3;Tx1y4;Tx3y0,469.0,15
10,15,6,1,Tx3y1,10,Tx3y1,9,9,Tx4y1;Tx3y1;Tx3y4;Tx3y2;Tx3y3;Tx2y4;Tx4y3;Tx1y4;Tx3y0,442.0,15
11,15,6,1,Tx3y1,11,Tx3y1,9,10,Tx4y1;Tx2y1;Tx3y1;Tx3y4;Tx3y2;Tx3y3;Tx2y4;Tx4y3;Tx1y4;Tx3y0,433.0,15
12,16,6,1,Tx3y1,12,Tx3y1,10,11,Tx4y1;Tx4y0;Tx2y1;Tx3y1;Tx3y4;Tx3y2;Tx3y3;Tx2y4;Tx4y3;Tx1y4;Tx3y0,418.0,15
13,17,6,1,Tx3y1,13,Tx3y1,11,12,Tx4y1;Tx4y0;Tx2y1;Tx3y1;Tx3y4;Tx3y2;Tx3y3;Tx2y4;Tx2y0;Tx4y3;Tx1y4;Tx3y0,406.0,15
14,18,7,1,Tx3y1,14,Tx3y1,11,13,Tx4y1;Tx4y0;Tx2y1;Tx3y1;Tx3y4;Tx3y2;Tx3y3;Tx2y4;Tx2y0;Tx4y3;Tx1y4;Tx1y1;Tx3y0,393.0,15
15,21,8,1,Tx3y1,15,Tx3y1,13,14,Tx4y1;Tx4y0;Tx2y2;Tx3y1;Tx3y4;Tx3y2;Tx3y3;Tx3y0;Tx2y4;Tx2y1;Tx2y0;Tx4y3;Tx1y4;Tx1y1,378.0,15
16,21,8,1,Tx3y1,16,Tx3y1,13,15,Tx4y1;Tx4y0;Tx2y2;Tx3y1;Tx3y4;Tx3y2;Tx1y2;Tx3y3;Tx3y0;Tx2y4;Tx2y1;Tx2y0;Tx4y3;Tx1y4;Tx1y1,369.0,15
17,22,8,1,Tx3y1,17,Tx3y1,14,16,Tx0y2;Tx4y1;Tx4y0;Tx2y2;Tx3y1;Tx3y4;Tx3y2;Tx1y2;Tx3y3;Tx3y0;Tx2y4;Tx2y1;Tx2y0;Tx4y3;Tx1y4;Tx1y1,359.0,15
18,22,8,1,Tx3y1,18,Tx3y1,14,17,Tx0y2;Tx0y1;Tx4y1;Tx4y0;Tx2y2;Tx3y1;Tx3y4;Tx3y2;Tx1y2;Tx3y3;Tx3y0;Tx2y4;Tx2y1;Tx2y0;Tx4y3;Tx1y4;Tx1y1,347.0,15
19,24,8,1,Tx3y1,19,Tx3y1,16,18,Tx0y2;Tx0y1;Tx4y1;Tx4y0;Tx2y2;Tx3y1;Tx3y4;Tx3y2;Tx1y2;Tx3y3;Tx3y0;Tx2y4;Tx2y1;Tx1y0;Tx2y0;Tx4y3;Tx1y4;Tx1y1,325.0,15
20,27,10,1,Tx3y1,20,Tx3y1,17,19,Tx0y2;Tx0y1;Tx4y1;Tx4y0;Tx2y2;Tx3y1;Tx3y4;Tx3y2;Tx1y2;Tx3y3;Tx3y0;Tx2y4;Tx2y1;Tx1y0;Tx2y0;Tx4y3;Tx4y2;Tx1y4;Tx1y1,298.0,15
21,29,11,1,Tx3y1,21,Tx3y1,18,20,Tx0y0;Tx0y2;Tx0y1;Tx4y1;Tx4y0;Tx2y2;Tx3y1;Tx3y4;Tx3y2;Tx1y2;Tx3y3;Tx3y0;Tx2y4;Tx2y1;Tx1y0;Tx2y0;Tx4y3;Tx4y2;Tx1y4;Tx1y1,269.0,15
22,30,12,1,Tx3y1,22,Tx3y1;Tx1y3,18,21,Tx0y0;Tx0y2;Tx0y1;Tx4y1;Tx4y0;Tx2y2;Tx3y1;Tx3y4;Tx3y2;Tx1y2;Tx3y3;Tx3y0;Tx2y4;Tx2y1;Tx1y0;Tx2y0;Tx4y3;Tx4y2;Tx1y3;Tx1y4;Tx1y1,249.0,15
23,31,12,2,Tx3y1;Tx1y3,23,Tx3y1;Tx1y3,19,21,Tx0y0;Tx0y2;Tx0y1;Tx4y1;Tx4y0;Tx2y2;Tx3y1;Tx3y4;Tx3y2;Tx1y2;Tx3y3;Tx3y0;Tx2y4;Tx2y1;Tx1y0;Tx2y0;Tx4y3;Tx4y2;Tx1y3;Tx1y4;Tx1y1,234.0,15
24,31,12,2,Tx3y1;Tx1y3,24,Tx3y1;Tx1y3,19,22,Tx0y0;Tx0y2;Tx0y1;Tx4y1;Tx4y0;Tx2y3;Tx2y2;Tx3y1;Tx3y4;Tx3y2;Tx1y2;Tx3y3;Tx3y0;Tx2y4;Tx2y1;Tx1y0;Tx2y0;Tx4y3;Tx4y2;Tx1y3;Tx1y4;Tx1y1,222.0,15
25,32,12,2,Tx3y1;Tx1y3,25,Tx3y1;Tx1y3,20,23,Tx0y0;Tx0y2;Tx0y1;Tx4y1;Tx4y0;Tx2y3;Tx2y2;Tx3y1;Tx3y4;Tx3y2;Tx0y3;Tx1y2;Tx3y3;Tx3y0;Tx2y4;Tx2y1;Tx1y0;Tx1y3;Tx2y0;Tx4y3;Tx4y2;Tx1y4;Tx1y1,211.0,15
26,33,12,2,Tx3y1;Tx1y3,26,Tx3y1;Tx1y3,21,24,Tx0y0;Tx0y2;Tx0y1;Tx4y1;Tx4y0;Tx2y3;Tx2y2;Tx3y1;Tx3y4;Tx3y2;Tx0y3;Tx1y2;Tx3y3;Tx3y0;Tx2y4;Tx2y1;Tx1y0;Tx0y4;Tx1y3;Tx2y0;Tx4y3;Tx4y2;Tx1y4;Tx1y1,201.0,15
27,33,12,2,Tx3y1;Tx1y3,27,Tx1y3;Tx3y1,21,25,Tx0y0;Tx0y2;Tx0y1;Tx4y1;Tx4y0;Tx2y3;Tx2y2;Tx3y1;Tx3y4;Tx3y2;Tx0y3;Tx1y2;Tx3y3;Tx3y0;Tx2y4;Tx2y1;Tx1y0;Tx0y4;Tx4y4;Tx1y3;Tx2y0;Tx4y3;Tx4y2;Tx1y4;Tx1y1,183.0,15
0,0,0,0,,0,,0,0,,599.0,16
1,0,0,0,,1,,0,1,Tx2y4,594.0,16
2,1,0,0,,2,,1,2,Tx2y4;Tx3y4,584.0,16
3,2,1,0,,3,,1,3,Tx2y4;Tx3y4;Tx1y4,570.0,16
4,10,5,0,,4,,5,4,Tx2y4;Tx3y4;Tx3y3;Tx1y4,527.0,16
5,10,5,0,,5,,5,5,Tx2y4;Tx3y4;Tx3y2;Tx3y3;Tx1y4,516.0,16
6,12,6,0,,6,,6,6,Tx2y4;Tx3y3;Tx3y4;Tx3y2;Tx4y3;Tx1y4,503.0,16
7,12,6,0,,7,Tx3y1,6,7,Tx3y1;Tx3y4;Tx3y2;Tx3y3;Tx2y4;Tx4y3;Tx1y4,488.0,16
8,13,6,1,Tx3y1,8,Tx3y1,7,7,Tx3y1;Tx3y4;Tx3y2;Tx3y3;Tx2y4;Tx4y3;Tx1y4,475.0,16
9,13,6,1,Tx3y1,9,Tx3y1,7,8,Tx3y1;Tx3y4;Tx3y2;Tx3y3;Tx2y4;Tx4y3;Tx1y4;Tx3y0,467.0,16
10,14,6,1,Tx3y1,10,Tx3y1,8,9,Tx4y1;Tx3y1;Tx3y4;Tx3y2;Tx3y3;Tx2y4;Tx4y3;Tx1y4;Tx3y0,456.0,16
11,14,6,1,Tx3y1,11,Tx3y1,8,10,Tx4y1;Tx2y1;Tx3y1;Tx3y4;Tx3y2;Tx3y3;Tx2y4;Tx4y3;Tx1y4;Tx3y0,445.0,16
12,15,6,1,Tx3y1,12,Tx3y1,9,11,Tx4y1;Tx4y0;Tx2y1;Tx3y1;Tx3y4;Tx3y2;Tx3y3;Tx2y4;Tx4y3;Tx1y4;Tx3y0,431.0,16
13,16,6,1,Tx3y1,13,Tx3y1,10,12,Tx4y1;Tx4y0;Tx2y1;Tx3y1;Tx3y4;Tx3y2;Tx3y3;Tx2y4;Tx2y0;Tx4y3;Tx1y4;Tx3y0,418.0,16
14,18,7,1,Tx3y1,14,Tx3y1,11,13,Tx4y1;Tx4y0;Tx2y1;Tx3y1;Tx3y4;Tx3y2;Tx3y3;Tx2y4;Tx2y0;Tx4y3;Tx1y4;Tx1y1;Tx3y0,403.0,16
15,19,8,1,Tx3y1,15,Tx3y1,11,14,Tx4y1;Tx4y0;Tx2y2;Tx3y1;Tx3y4;Tx3y2;Tx3y3;Tx3y0;Tx2y4;Tx2y1;Tx2y0;Tx4y3;Tx1y4;Tx1y1,389.0,16
16,21,8,1,Tx3y1,16,Tx3y1,13,15,Tx4y1;Tx4y0;Tx2y2;Tx3y1;Tx3y4;Tx3y2;Tx1y2;Tx3y3;Tx3y0;Tx2y4;Tx2y1;Tx2y0;Tx4y3;Tx1y4;Tx1y1,379.0,16
17,21,8,1,Tx3y1,17,Tx3y1,13,16,Tx0y2;Tx4y1;Tx4y0;Tx2y2;Tx3y1;Tx3y4;Tx3y2;Tx1y2;Tx3y3;Tx3y0;Tx2y4;Tx2y1;Tx2y0;Tx4y3;Tx1y4;Tx1y1,369.0,16
18,21,8,1,Tx3y1,18,Tx3y1,13,17,Tx0y2;Tx0y1;Tx4y1;Tx4y0;Tx2y2;Tx3y1;Tx3y4;Tx3y2;Tx1y2;Tx3y3;Tx3y0;Tx2y4;Tx2y1;Tx2y0;Tx4y3;Tx1y4;Tx1y1,359.0,16
19,23,8,1,Tx3y1,19,Tx3y1,15,18,Tx0y2;Tx0y1;Tx4y1;Tx4y0;Tx2y2;Tx3y1;Tx3y4;Tx3y2;Tx1y2;Tx3y3;Tx3y0;Tx2y4;Tx2y1;Tx1y0;Tx2y0;Tx4y3;Tx1y4;Tx1y1,337.0,16
20,27,10,1,Tx3y1,20,Tx3y1,17,19,Tx0y2;Tx0y1;Tx4y1;Tx4y0;Tx2y2;Tx3y1;Tx3y4;Tx3y2;Tx1y2;Tx3y3;Tx3y0;Tx2y4;Tx2y1;Tx1y0;Tx2y0;Tx4y3;Tx4y2;Tx1y4;Tx1y1,311.0,16
21,29,11,1,Tx3y1,21,Tx3y1;Tx1y3,18,20,Tx0y2;Tx0y1;Tx4y1;Tx4y0;Tx2y2;Tx3y1;Tx3y4;Tx3y2;Tx1y2;Tx3y3;Tx3y0;Tx2y4;Tx2y1;Tx1y0;Tx2y0;Tx4y3;Tx4y2;Tx1y3;Tx1y4;Tx1y1,282.0,16
22,29,11,2,Tx3y1;Tx1y3,22,Tx3y1;Tx1y3,18,20,Tx0y2;Tx0y1;Tx4y1;Tx4y0;Tx2y2;Tx3y1;Tx3y4;Tx3y2;Tx1y2;Tx3y3;Tx3y0;Tx2y4;Tx2y1;Tx1y0;Tx2y0;Tx4y3;Tx4y2;Tx1y3;Tx1y4;Tx1y1,267.0,16
23,29,11,2,Tx3y1;Tx1y3,23,Tx3y1;Tx1y3,18,21,Tx0y2;Tx0y1;Tx4y1;Tx4y0;Tx2y3;Tx2y2;Tx3y1;Tx3y4;Tx3y2;Tx1y2;Tx3y3;Tx3y0;Tx2y4;Tx2y1;Tx1y0;Tx2y0;Tx4y3;Tx4y2;Tx1y3;Tx1y4;Tx1y1,256.0,16
24,29,11,2,Tx3y1;Tx1y3,24,Tx3y1;Tx1y3,18,22,Tx0y2;Tx0y1;Tx4y1;Tx4y0;Tx2y3;Tx2y2;Tx3y1;Tx3y4;Tx3y2;Tx0y3;Tx1y2;Tx3y3;Tx3y0;Tx2y4;Tx2y1;Tx1y0;Tx2y0;Tx4y3;Tx4y2;Tx1y3;Tx1y4;Tx1y1,242.0,16
25,30,11,2,Tx3y1;Tx1y3,25,Tx3y1;Tx1y3,19,23,Tx0y2;Tx0y1;Tx4y1;Tx4y0;Tx2y3;Tx2y2;Tx3y1;Tx3y4;Tx3y2;Tx0y3;Tx1y2;Tx3y3;Tx3y0;Tx2y4;Tx2y1;Tx1y0;Tx0y4;Tx2y0;Tx4y3;Tx4y2;Tx1y3;Tx1y4;Tx1y1,230.0,16
26,32,12,2,Tx3y1;Tx1y3,26,Tx3y1;Tx1y3,20,24,Tx0y0;Tx0y2;Tx0y1;Tx4y1;Tx4y0;Tx2y3;Tx2y2;Tx3y1;Tx3y4;Tx3y2;Tx0y3;Tx1y2;Tx3y3;Tx3y0;Tx2y4;Tx2y1;Tx1y0;Tx0y4;Tx2y0;Tx4y3;Tx4y2;Tx1y3;Tx1y4;Tx1y1,206.0,16
27,34,13,2,Tx3y1;Tx1y3,27,Tx3y1;Tx1y3,21,25,Tx0y0;Tx0y2;Tx0y1;Tx4y1;Tx4y0;Tx2y3;Tx2y2;Tx3y1;Tx3y4;Tx3y2;Tx0y3;Tx1y2;Tx3y3;Tx3y0;Tx2y4;Tx2y1;Tx1y0;Tx0y4;Tx4y4;Tx2y0;Tx4y3;Tx4y2;Tx1y3;Tx1y4;Tx1y1,175.0,16
0,0,0,0,,0,,0,0,,599.0,17
1,0,0,0,,1,,0,1,Tx4y3,592.0,17
2,2,1,0,,2,,1,2,Tx4y3;Tx4y2,581.0,17
3,2,1,0,,3,,1,3,Tx4y4;Tx4y3;Tx4y2,570.0,17
4,4,1,0,,4,,3,4,Tx4y1;Tx4y4;Tx4y3;Tx4y2,554.0,17
5,5,1,0,,5,,4,5,Tx4y1;Tx4y0;Tx4y4;Tx4y3;Tx4y2,545.0,17
6,5,1,0,,6,,4,6,Tx4y1;Tx4y0;Tx4y4;Tx4y3;Tx4y2;Tx3y0,536.0,17
7,6,1,0,,7,Tx3y1,5,7,Tx4y1;Tx4y0;Tx3y1;Tx4y4;Tx4y3;Tx4y2;Tx3y0,527.0,17
8,7,1,1,Tx3y1,8,Tx3y1,6,7,Tx4y1;Tx4y0;Tx3y1;Tx4y4;Tx4y3;Tx4y2;Tx3y0,513.0,17
9,8,2,1,Tx3y1,9,Tx3y1,6,8,Tx4y1;Tx4y0;Tx2y1;Tx3y1;Tx3y0;Tx4y4;Tx4y3;Tx4y2,501.0,17
10,8,2,1,Tx3y1,10,Tx3y1,6,9,Tx4y1;Tx4y0;Tx2y1;Tx3y1;Tx3y0;Tx4y4;Tx2y0;Tx4y3;Tx4y2,490.0,17
11,10,3,1,Tx3y1,11,Tx3y1,7,10,Tx4y1;Tx4y0;Tx2y1;Tx3y1;Tx3y0;Tx4y4;Tx2y0;Tx4y3;Tx4y2;Tx1y1,472.0,17
12,12,4,1,Tx3y1,12,Tx3y1,8,11,Tx4y1;Tx4y0;Tx2y1;Tx2y2;Tx3y1;Tx3y0;Tx4y4;Tx2y0;Tx4y3;Tx4y2;Tx1y1,455.0,17
13,13,4,1,Tx3y1,13,Tx3y1,9,12,Tx4y1;Tx4y0;Tx2y1;Tx2y2;Tx3y1;Tx1y2;Tx3y0;Tx4y4;Tx2y0;Tx4y3;Tx4y2;Tx1y1,444.0,17
14,13,4,1,Tx3y1,14,Tx3y1,9,13,Tx4y1;Tx4y0;Tx2y1;Tx2y2;Tx3y1;Tx1y2;Tx0y2;Tx3y0;Tx4y4;Tx2y0;Tx4y3;Tx4y2;Tx1y1,436.0,17
15,15,5,1,Tx3y1,15,Tx3y1;Tx1y3,10,14,Tx4y1;Tx4y0;Tx2y1;Tx2y2;Tx3y1;Tx1y2;Tx0y2;Tx3y0;Tx4y4;Tx2y0;Tx4y3;Tx4y2;Tx1y3;Tx1y1,421.0,17
16,16,5,2,Tx3y1;Tx1y3,16,Tx1y3;Tx3y1,11,14,Tx4y1;Tx4y0;Tx2y1;Tx2y2;Tx3y1;Tx1y2;Tx0y2;Tx3y0;Tx4y4;Tx2y0;Tx4y3;Tx4y2;Tx1y3;Tx1y1,405.0,17
17,19,6,2,Tx3y1;Tx1y3,17,Tx3y1;Tx1y3,13,15,Tx0y2;Tx4y1;Tx4y0;Tx2y2;Tx3y1;Tx1y2;Tx3y0;Tx2y1;Tx4y4;Tx2y0;Tx4y3;Tx4y2;Tx1y3;Tx1y4;Tx1y1,376.0,17
18,19,6,2,Tx3y1;Tx1y3,18,Tx3y1;Tx1y3,13,16,Tx0y2;Tx4y1;Tx4y0;Tx2y3;Tx2y2;Tx3y1;Tx1y2;Tx3y0;Tx2y1;Tx4y4;Tx2y0;Tx4y3;Tx4y2;Tx1y3;Tx1y4;Tx1y1,364.0,17
19,20,6,2,Tx3y1;Tx1y3,19,Tx3y1;Tx1y3,14,17,Tx0y2;Tx4y1;Tx4y0;Tx2y3;Tx2y2;Tx3y1;Tx0y3;Tx1y2;Tx3y0;Tx2y1;Tx4y4;Tx2y0;Tx4y3;Tx4y2;Tx1y3;Tx1y4;Tx1y1,352.0,17
20,23,7,2,Tx3y1;Tx1y3,20,Tx3y1;Tx1y3,16,18,Tx0y2;Tx4y1;Tx4y0;Tx2y3;Tx2y2;Tx3y1;Tx0y3;Tx1y2;Tx3y0;Tx2y4;Tx2y1;Tx4y4;Tx2y0;Tx4y3;Tx4y2;Tx1y3;Tx1y4;Tx1y1,323.0,17
21,27,9,2,Tx3y1;Tx1y3,21,Tx3y1;Tx1y3,18,19,Tx0y2;Tx0y1;Tx4y1;Tx2y3;Tx2y2;Tx3y1;Tx0y3;Tx1y2;Tx3y0;Tx2y4;Tx2y1;Tx4y4;Tx2y0;Tx4y3;Tx4y2;Tx1y3;Tx1y4;Tx1y1;Tx4y0,292.0,17
22,28,10,2,Tx3y1;Tx1y3,22,Tx3y1;Tx1y3,18,20,Tx0y2;Tx0y1;Tx4y1;Tx2y3;Tx2y2;Tx3y1;Tx0y3;Tx1y2;Tx3y0;Tx2y4;Tx2y1;Tx0y4;Tx4y4;Tx2y0;Tx4y3;Tx4y2;Tx1y3;Tx1y4;Tx1y1;Tx4y0,265.0,17
23,31,12,2,Tx3y1;Tx1y3,23,Tx3y1;Tx1y3,19,21,Tx0y2;Tx0y1;Tx4y1;Tx2y3;Tx2y2;Tx3y1;Tx3y2;Tx0y3;Tx1y2;Tx3y0;Tx2y4;Tx2y1;Tx0y4;Tx4y4;Tx2y0;Tx4y3;Tx4y2;Tx1y3;Tx1y4;Tx1y1;Tx4y0,237.0,17
24,33,13,2,Tx3y1;Tx1y3,24,Tx3y1;Tx1y3,20,22,Tx0y2;Tx0y1;Tx4y1;Tx2y3;Tx2y2;Tx3y1;Tx3y2;Tx0y3;Tx1y2;Tx3y3;Tx3y0;Tx2y4;Tx2y1;Tx0y4;Tx4y4;Tx2y0;Tx4y3;Tx4y2;Tx1y3;Tx1y4;Tx1y1;Tx4y0,212.0,17
25,34,13,2,Tx3y1;Tx1y3,25,Tx3y1;Tx1y3,21,23,Tx0y2;Tx0y1;Tx4y1;Tx2y3;Tx2y2;Tx3y1;Tx3y2;Tx0y3;Tx1y2;Tx3y3;Tx3y0;Tx2y4;Tx2y1;Tx3y4;Tx0y4;Tx4y4;Tx2y0;Tx4y3;Tx4y2;Tx1y3;Tx1y4;Tx1y1;Tx4y0,197.0,17
26,37,15,2,Tx3y1;Tx1y3,26,Tx3y1;Tx1y3,22,24,Tx0y2;Tx0y1;Tx4y3;Tx2y3;Tx2y2;Tx3y1;Tx3y2;Tx0y3;Tx1y2;Tx3y3;Tx3y0;Tx2y4;Tx2y1;Tx1y0;Tx3y4;Tx0y4;Tx4y4;Tx2y0;Tx4y1;Tx4y2;Tx1y3;Tx1y4;Tx1y1;Tx4y0,160.0,17
27,37,15,2,Tx3y1;Tx1y3,27,Tx3y1;Tx1y3,22,25,Tx0y0;Tx0y2;Tx0y1;Tx4y3;Tx2y3;Tx2y2;Tx3y1;Tx3y4;Tx3y2;Tx0y3;Tx1y2;Tx3y3;Tx3y0;Tx2y4;Tx2y1;Tx1y0;Tx0y4;Tx4y4;Tx2y0;Tx4y1;Tx4y2;Tx1y3;Tx1y4;Tx1y1;Tx4y0,151.0,17
0,0,0,0,,0,,0,0,,599.0,18
1,0,0,0,,1,,0,1,Tx2y1,592.0,18
2,2,1,0,,2,,1,2,Tx2y1;Tx2y2,581.0,18
3,2,1,0,,3,Tx3y1,1,3,Tx2y1;Tx2y2;Tx3y1,569.0,18
4,3,1,1,Tx3y1,4,Tx3y1,2,3,Tx2y1;Tx2y2;Tx3y1,556.0,18
5,4,1,1,Tx3y1,5,Tx3y1,3,4,Tx2y1;Tx2y2;Tx3y1;Tx3y0,546.0,18
6,5,1,1,Tx3y1,6,Tx3y1,4,5,Tx2y1;Tx4y1;Tx2y2;Tx3y1;Tx3y0,535.0,18
7,7,1,1,Tx3y1,7,Tx3y1,6,6,Tx2y1;Tx4y1;Tx4y0;Tx2y2;Tx3y1;Tx3y0,515.0,18
8,7,1,1,Tx3y1,8,Tx3y1,6,7,Tx4y1;Tx4y0;Tx2y1;Tx2y2;Tx3y1;Tx3y0;Tx2y0,505.0,18
9,7,1,1,Tx3y1,9,Tx3y1,6,8,Tx4y1;Tx4y0;Tx2y1;Tx2y2;Tx3y1;Tx1y2;Tx3y0;Tx2y0,492.0,18
10,8,1,1,Tx3y1,10,Tx3y1,7,9,Tx4y1;Tx4y0;Tx2y1;Tx2y2;Tx3y1;Tx1y2;Tx0y2;Tx3y0;Tx2y0,483.0,18
11,9,2,1,Tx3y1,11,Tx3y1,7,10,Tx0y1;Tx4y1;Tx4y0;Tx2y1;Tx2y2;Tx3y1;Tx1y2;Tx0y2;Tx3y0;Tx2y0,472.0,18
12,12,3,1,Tx3y1,12,Tx3y1,9,11,Tx0y1;Tx4y1;Tx4y0;Tx2y1;Tx2y3;Tx2y2;Tx3y1;Tx1y2;Tx0y2;Tx3y0;Tx2y0,429.0,18
13,13,3,1,Tx3y1,13,Tx3y1,10,12,Tx0y1;Tx4y1;Tx4y0;Tx2y1;Tx2y3;Tx2y2;Tx3y1;Tx1y2;Tx0y2;Tx3y3;Tx3y0;Tx2y0,419.0,18
14,16,5,1,Tx3y1,14,Tx3y1,11,13,Tx0y1;Tx4y1;Tx4y0;Tx2y1;Tx2y3;Tx2y2;Tx3y1;Tx1y2;Tx0y2;Tx3y3;Tx3y0;Tx2y4;Tx2y0,396.0,18
15,18,5,1,Tx3y1,15,Tx3y1,13,14,Tx0y1;Tx4y1;Tx4y0;Tx2y1;Tx2y3;Tx2y2;Tx3y1;Tx3y4;Tx1y2;Tx0y2;Tx3y3;Tx3y0;Tx2y4;Tx2y0,385.0,18
16,18,5,1,Tx3y1,16,Tx3y1,13,15,Tx0y2;Tx0y1;Tx4y1;Tx4y0;Tx2y3;Tx2y2;Tx3y1;Tx3y4;Tx1y2;Tx3y3;Tx3y0;Tx2y4;Tx2y1;Tx2y0;Tx1y4,374.0,18
17,22,7,1,Tx3y1,17,Tx3y1,15,16,Tx0y2;Tx0y1;Tx4y1;Tx4y0;Tx2y3;Tx2y2;Tx3y1;Tx3y4;Tx1y2;Tx3y3;Tx3y0;Tx2y4;Tx2y1;Tx1y0;Tx2y0;Tx1y4,347.0,18
18,24,8,1,Tx3y1,18,Tx3y1,16,17,Tx0y2;Tx0y1;Tx4y1;Tx4y0;Tx2y3;Tx2y2;Tx3y1;Tx3y4;Tx1y2;Tx3y3;Tx3y0;Tx2y4;Tx2y1;Tx1y0;Tx0y4;Tx2y0;Tx1y4,319.0,18
19,29,11,1,Tx3y1,19,Tx3y1,18,18,Tx0y2;Tx0y1;Tx4y1;Tx4y0;Tx2y3;Tx2y2;Tx3y1;Tx3y4;Tx1y2;Tx3y3;Tx3y0;Tx2y4;Tx2y1;Tx1y0;Tx0y4;Tx2y0;Tx4y2;Tx1y4,284.0,18
20,29,11,1,Tx3y1,20,Tx3y1,18,19,Tx0y2;Tx0y1;Tx4y1;Tx4y0;Tx2y3;Tx2y2;Tx3y1;Tx3y4;Tx1y2;Tx3y3;Tx3y0;Tx2y4;Tx2y1;Tx1y0;Tx0y4;Tx2y0;Tx4y3;Tx4y2;Tx1y4,275.0,18
21,32,13,1,Tx3y1,21,Tx3y1,19,20,Tx0y0;Tx0y2;Tx0y1;Tx4y1;Tx4y0;Tx2y3;Tx2y2;Tx3y1;Tx3y4;Tx1y2;Tx3y3;Tx3y0;Tx2y4;Tx2y1;Tx1y0;Tx0y4;Tx2y0;Tx4y3;Tx4y2;Tx1y4,241.0,18
22,35,14,1,Tx3y1,22,Tx3y1,21,21,Tx0y0;Tx0y2;Tx0y1;Tx4y1;Tx4y0;Tx2y3;Tx2y2;Tx3y1;Tx3y2;Tx1y2;Tx3y3;Tx3y0;Tx2y4;Tx2y1;Tx1y0;Tx3y4;Tx0y4;Tx2y0;Tx4y3;Tx4y2;Tx1y4,218.0,18
23,35,14,1,Tx3y1,23,Tx3y1;Tx1y3,21,22,Tx0y0;Tx0y2;Tx0y1;Tx4y1;Tx4y0;Tx2y3;Tx2y2;Tx3y1;Tx3y4;Tx3y2;Tx1y2;Tx3y3;Tx3y0;Tx2y4;Tx2y1;Tx1y0;Tx0y4;Tx2y0;Tx4y3;Tx4y2;Tx1y3;Tx1y4,206.0,18
24,35,14,2,Tx3y1;Tx1y3,24,Tx3y1;Tx1y3,21,22,Tx0y0;Tx0y2;Tx0y1;Tx4y1;Tx4y0;Tx2y3;Tx2y2;Tx3y1;Tx3y4;Tx3y2;Tx1y2;Tx3y3;Tx3y0;Tx2y4;Tx2y1;Tx1y0;Tx0y4;Tx2y0;Tx4y3;Tx4y2;Tx1y3;Tx1y4,189.0,18
25,36,14,2,Tx3y1;Tx1y3,25,Tx3y1;Tx1y3,22,23,Tx0y0;Tx0y2;Tx0y1;Tx4y1;Tx4y0;Tx2y3;Tx2y2;Tx3y1;Tx3y4;Tx3y2;Tx0y3;Tx1y2;Tx3y3;Tx3y0;Tx2y4;Tx2y1;Tx1y0;Tx0y4;Tx2y0;Tx4y3;Tx4y2;Tx1y3;Tx1y4,177.0,18
26,37,14,2,Tx3y1;Tx1y3,26,Tx3y1;Tx1y3,23,24,Tx0y0;Tx0y2;Tx0y1;Tx4y1;Tx4y0;Tx2y3;Tx2y2;Tx3y1;Tx3y4;Tx3y2;Tx0y3;Tx1y2;Tx3y3;Tx3y0;Tx2y4;Tx2y1;Tx1y0;Tx0y4;Tx2y0;Tx4y3;Tx4y2;Tx1y3;Tx1y4;Tx1y1,163.0,18
27,41,17,2,Tx1y3;Tx3y1,27,Tx1y3;Tx3y1,24,25,Tx0y0;Tx0y2;Tx0y1;Tx4y1;Tx4y0;Tx2y3;Tx2y2;Tx3y1;Tx3y4;Tx3y2;Tx0y3;Tx1y2;Tx3y3;Tx3y0;Tx2y4;Tx2y1;Tx1y0;Tx0y4;Tx4y4;Tx2y0;Tx4y3;Tx4y2;Tx1y3;Tx1y4;Tx1y1,116.0,18
0,0,0,0,,0,,0,0,,599.0,19
1,0,0,0,,1,,0,1,Tx1y0,592.0,19
2,1,0,0,,2,,1,2,Tx1y0;Tx1y1,583.0,19
3,5,3,0,,3,,2,3,Tx1y0;Tx1y2;Tx1y1,563.0,19
4,6,3,0,,4,,3,4,Tx1y0;Tx2y2;Tx1y2;Tx1y1,551.0,19
5,7,3,0,,5,,4,5,Tx1y0;Tx0y2;Tx2y2;Tx1y2;Tx1y1,540.0,19
6,9,4,0,,6,Tx1y3,5,6,Tx1y0;Tx0y2;Tx2y2;Tx1y2;Tx1y3;Tx1y1,525.0,19
7,10,4,1,Tx1y3,7,Tx1y3,6,6,Tx1y0;Tx0y2;Tx2y2;Tx1y2;Tx1y3;Tx1y1,510.0,19
8,11,5,1,Tx1y3,8,Tx1y3,6,7,Tx0y2;Tx2y2;Tx1y2;Tx1y0;Tx1y3;Tx1y4;Tx1y1,495.0,19
9,12,5,1,Tx1y3,9,Tx1y3,7,8,Tx0y2;Tx2y3;Tx2y2;Tx1y2;Tx1y0;Tx1y3;Tx1y4;Tx1y1,482.0,19
10,12,5,1,Tx1y3,10,Tx1y3,7,9,Tx0y2;Tx2y3;Tx2y2;Tx0y3;Tx1y2;Tx1y0;Tx1y3;Tx1y4;Tx1y1,472.0,19
11,13,5,1,Tx1y3,11,Tx1y3,8,10,Tx0y2;Tx2y3;Tx2y2;Tx0y3;Tx1y2;Tx3y3;Tx1y0;Tx1y3;Tx1y4;Tx1y1,457.0,19
12,17,7,1,Tx1y3,12,Tx1y3,10,11,Tx0y2;Tx2y3;Tx2y2;Tx0y3;Tx1y2;Tx3y3;Tx2y4;Tx1y0;Tx1y3;Tx1y4;Tx1y1,422.0,19
13,17,7,1,Tx1y3,13,Tx1y3,10,12,Tx0y2;Tx2y3;Tx2y2;Tx3y4;Tx0y3;Tx1y2;Tx3y3;Tx2y4;Tx1y0;Tx1y3;Tx1y4;Tx1y1,414.0,19
14,19,8,1,Tx1y3,14,Tx1y3,11,13,Tx0y2;Tx2y3;Tx2y2;Tx3y4;Tx0y3;Tx1y2;Tx3y3;Tx2y4;Tx1y0;Tx0y4;Tx1y3;Tx1y4;Tx1y1,393.0,19
15,23,10,1,Tx1y3,15,Tx1y3,13,14,Tx0y2;Tx2y3;Tx2y2;Tx3y4;Tx0y3;Tx1y2;Tx3y3;Tx2y4;Tx1y0;Tx0y4;Tx3y2;Tx1y3;Tx1y4;Tx1y1,367.0,19
16,25,11,1,Tx1y3,16,Tx1y3,14,15,Tx0y2;Tx2y3;Tx2y2;Tx3y4;Tx3y2;Tx0y3;Tx1y2;Tx3y3;Tx2y4;Tx1y0;Tx0y4;Tx4y3;Tx1y3;Tx1y4;Tx1y1,353.0,19
17,26,11,1,Tx1y3,17,Tx1y3;Tx3y1,15,16,Tx0y2;Tx2y3;Tx2y2;Tx3y1;Tx3y4;Tx3y2;Tx0y3;Tx1y2;Tx3y3;Tx2y4;Tx1y0;Tx0y4;Tx4y3;Tx1y3;Tx1y4;Tx1y1,336.0,19
18,27,11,2,Tx3y1;Tx1y3,18,Tx3y1;Tx1y3,16,16,Tx0y2;Tx2y3;Tx2y2;Tx3y1;Tx3y4;Tx3y2;Tx0y3;Tx1y2;Tx3y3;Tx2y4;Tx1y0;Tx0y4;Tx4y3;Tx1y3;Tx1y4;Tx1y1,322.0,19
19,28,11,2,Tx3y1;Tx1y3,19,Tx3y1;Tx1y3,17,17,Tx0y2;Tx2y3;Tx2y2;Tx3y1;Tx3y4;Tx3y2;Tx0y3;Tx1y2;Tx3y3;Tx3y0;Tx2y4;Tx1y0;Tx0y4;Tx4y3;Tx1y3;Tx1y4;Tx1y1,311.0,19
20,28,11,2,Tx3y1;Tx1y3,20,Tx3y1;Tx1y3,17,18,Tx0y2;Tx4y1;Tx2y3;Tx2y2;Tx3y1;Tx3y4;Tx3y2;Tx0y3;Tx1y2;Tx3y3;Tx3y0;Tx2y4;Tx1y0;Tx0y4;Tx4y3;Tx1y3;Tx1y4;Tx1y1,301.0,19
21,29,11,2,Tx3y1;Tx1y3,21,Tx3y1;Tx1y3,18,19,Tx0y2;Tx4y1;Tx2y3;Tx2y2;Tx3y1;Tx3y4;Tx3y2;Tx0y3;Tx1y2;Tx3y3;Tx3y0;Tx2y4;Tx1y0;Tx0y4;Tx2y0;Tx4y3;Tx1y3;Tx1y4;Tx1y1,286.0,19
22,29,11,2,Tx3y1;Tx1y3,22,Tx3y1;Tx1y3,18,20,Tx0y2;Tx4y1;Tx4y0;Tx2y3;Tx2y2;Tx3y1;Tx3y4;Tx3y2;Tx0y3;Tx1y2;Tx3y3;Tx3y0;Tx2y4;Tx1y0;Tx0y4;Tx2y0;Tx4y3;Tx1y3;Tx1y4;Tx1y1,275.0,19
23,29,11,2,Tx3y1;Tx1y3,23,Tx3y1;Tx1y3,18,21,Tx0y2;Tx4y1;Tx4y0;Tx2y3;Tx2y2;Tx3y1;Tx3y4;Tx3y2;Tx0y3;Tx1y2;Tx3y3;Tx3y0;Tx2y4;Tx1y0;Tx0y4;Tx2y0;Tx4y3;Tx1y3;Tx1y4;Tx4y2;Tx1y1,264.0,19
24,29,11,2,Tx3y1;Tx1y3,24,Tx3y1;Tx1y3,18,22,Tx0y2;Tx4y1;Tx4y0;Tx2y3;Tx2y2;Tx3y1;Tx3y4;Tx3y2;Tx0y3;Tx1y2;Tx3y3;Tx3y0;Tx2y4;Tx1y0;Tx0y4;Tx4y4;Tx2y0;Tx4y3;Tx1y3;Tx1y4;Tx4y2;Tx1y1,251.0,19
25,31,12,2,Tx3y1;Tx1y3,25,Tx3y1;Tx1y3,19,23,Tx0y2;Tx4y1;Tx4y0;Tx2y1;Tx2y3;Tx2y2;Tx3y1;Tx3y4;Tx3y2;Tx0y3;Tx1y2;Tx3y3;Tx3y0;Tx2y4;Tx1y0;Tx0y4;Tx4y4;Tx2y0;Tx4y3;Tx1y3;Tx1y4;Tx4y2;Tx1y1,222.0,19
26,35,14,2,Tx3y1;Tx1y3,26,Tx3y1;Tx1y3,21,24,Tx0y2;Tx0y1;Tx4y1;Tx2y1;Tx2y3;Tx2y2;Tx3y1;Tx3y4;Tx3y2;Tx0y3;Tx1y2;Tx3y3;Tx3y0;Tx2y4;Tx1y0;Tx0y4;Tx4y4;Tx2y0;Tx4y3;Tx1y3;Tx1y4;Tx4y2;Tx1y1;Tx4y0,182.0,19
27,38,16,2,Tx3y1;Tx1y3,27,Tx3y1;Tx1y3,22,25,Tx0y0;Tx0y2;Tx0y1;Tx4y1;Tx2y1;Tx2y3;Tx2y2;Tx3y1;Tx3y4;Tx3y2;Tx0y3;Tx1y2;Tx3y3;Tx3y0;Tx2y4;Tx1y0;Tx0y4;Tx4y4;Tx2y0;Tx4y3;Tx1y3;Tx1y4;Tx4y2;Tx1y1;Tx4y0,152.0,19
0,0,0,0,,0,,0,0,,599.0,20
1,0,0,0,,1,,0,1,Tx0y0,593.0,20
2,2,1,0,,2,,1,2,Tx0y0;Tx1y0,576.0,20
3,2,1,0,,3,,1,3,Tx0y0;Tx1y0;Tx1y1,568.0,20
4,8,4,0,,4,,4,4,Tx0y0;Tx1y0;Tx2y0;Tx1y1,532.0,20
5,9,4,0,,5,,5,5,Tx0y0;Tx1y0;Tx2y0;Tx1y1;Tx3y0,522.0,20
6,10,4,0,,6,Tx3y1,6,6,Tx0y0;Tx1y0;Tx3y1;Tx2y0;Tx1y1;Tx3y0,511.0,20
7,10,4,1,Tx3y1,7,Tx3y1,6,6,Tx0y0;Tx1y0;Tx3y1;Tx2y0;Tx1y1;Tx3y0,497.0,20
8,10,4,1,Tx3y1,8,Tx3y1,6,7,Tx0y0;Tx4y1;Tx3y1;Tx3y0;Tx1y0;Tx2y0;Tx1y1,488.0,20
9,12,5,1,Tx3y1,9,Tx3y1,7,8,Tx0y0;Tx4y1;Tx3y1;Tx3y2;Tx3y0;Tx1y0;Tx2y0;Tx1y1,473.0,20
10,14,6,1,Tx3y1,10,Tx3y1,8,9,Tx0y0;Tx4y1;Tx4y0;Tx3y1;Tx3y2;Tx3y0;Tx1y0;Tx2y0;Tx1y1,455.0,20
11,15,6,1,Tx3y1,11,Tx3y1,9,10,Tx0y0;Tx4y1;Tx4y0;Tx3y1;Tx3y2;Tx3y0;Tx1y0;Tx2y0;Tx4y2;Tx1y1,442.0,20
12,16,7,1,Tx3y1,12,Tx3y1,9,11,Tx0y0;Tx4y1;Tx4y0;Tx3y1;Tx3y2;Tx3y3;Tx3y0;Tx1y0;Tx2y0;Tx4y2;Tx1y1,428.0,20
13,18,8,1,Tx3y1,13,Tx3y1,10,12,Tx0y0;Tx4y1;Tx4y0;Tx2y2;Tx3y1;Tx3y2;Tx3y3;Tx3y0;Tx1y0;Tx2y0;Tx4y2;Tx1y1,411.0,20
14,19,8,1,Tx3y1,14,Tx3y1,11,13,Tx0y0;Tx4y1;Tx4y0;Tx2y3;Tx2y2;Tx3y1;Tx3y2;Tx3y3;Tx3y0;Tx1y0;Tx2y0;Tx4y2;Tx1y1,402.0,20
15,21,9,1,Tx3y1,15,Tx3y1,12,14,Tx0y0;Tx4y1;Tx4y0;Tx2y3;Tx2y2;Tx3y1;Tx3y2;Tx3y3;Tx3y0;Tx2y4;Tx1y0;Tx2y0;Tx4y2;Tx1y1,386.0,20
16,22,9,1,Tx3y1,16,Tx3y1,13,15,Tx0y0;Tx4y1;Tx4y0;Tx2y3;Tx2y2;Tx3y1;Tx3y4;Tx3y2;Tx3y3;Tx3y0;Tx2y4;Tx1y0;Tx2y0;Tx4y2;Tx1y1,376.0,20
17,22,9,1,Tx3y1,17,Tx3y1,13,16,Tx0y0;Tx4y1;Tx4y0;Tx2y3;Tx2y2;Tx3y1;Tx3y4;Tx3y2;Tx3y3;Tx3y0;Tx2y4;Tx1y0;Tx2y0;Tx4y2;Tx1y4;Tx1y1,365.0,20
18,24,10,1,Tx3y1,18,Tx3y1;Tx1y3,14,17,Tx0y0;Tx4y1;Tx4y0;Tx2y3;Tx2y2;Tx3y1;Tx3y4;Tx3y2;Tx3y3;Tx3y0;Tx2y4;Tx1y0;Tx2y0;Tx4y2;Tx1y3;Tx1y4;Tx1y1,347.0,20
19,26,10,2,Tx3y1;Tx1y3,19,Tx3y1;Tx1y3,16,17,Tx0y0;Tx4y1;Tx4y0;Tx2y3;Tx2y2;Tx3y1;Tx3y4;Tx3y2;Tx3y3;Tx3y0;Tx2y4;Tx1y0;Tx2y0;Tx4y2;Tx1y3;Tx1y4;Tx1y1,331.0,20
20,26,10,2,Tx3y1;Tx1y3,20,Tx3y1;Tx1y3,16,18,Tx0y0;Tx4y1;Tx4y0;Tx2y3;Tx2y2;Tx3y1;Tx3y4;Tx3y2;Tx0y3;Tx3y3;Tx3y0;Tx2y4;Tx1y0;Tx2y0;Tx4y2;Tx1y3;Tx1y4;Tx1y1,322.0,20
21,27,10,2,Tx3y1;Tx1y3,21,Tx3y1;Tx1y3,17,19,Tx0y0;Tx4y1;Tx4y0;Tx2y3;Tx2y2;Tx3y1;Tx3y4;Tx3y2;Tx0y3;Tx3y3;Tx3y0;Tx2y4;Tx1y0;Tx0y4;Tx2y0;Tx4y2;Tx1y3;Tx1y4;Tx1y1,312.0,20
22,28,10,2,Tx3y1;Tx1y3,22,Tx3y1;Tx1y3,18,20,Tx0y0;Tx4y1;Tx4y0;Tx2y3;Tx2y2;Tx3y1;Tx3y4;Tx3y2;Tx0y3;Tx3y3;Tx3y0;Tx2y4;Tx1y0;Tx0y4;Tx2y0;Tx4y3;Tx4y2;Tx1y3;Tx1y4;Tx1y1,293.0,20
23,28,10,2,Tx3y1;Tx1y3,23,Tx3y1;Tx1y3,18,21,Tx0y0;Tx0y2;Tx4y1;Tx4y0;Tx2y3;Tx2y2;Tx3y1;Tx3y4;Tx3y2;Tx0y3;Tx3y3;Tx3y0;Tx2y4;Tx1y0;Tx0y4;Tx2y0;Tx4y3;Tx4y2;Tx1y3;Tx1y4;Tx1y1,277.0,20
24,31,13,2,Tx3y1;Tx1y3,24,Tx3y1;Tx1y3,18,22,Tx0y0;Tx0y2;Tx4y1;Tx4y0;Tx2y3;Tx2y2;Tx3y1;Tx3y4;Tx3y2;Tx0y3;Tx1y2;Tx3y3;Tx3y0;Tx2y4;Tx2y0;Tx1y0;Tx0y4;Tx4y3;Tx4y2;Tx1y3;Tx1y4;Tx1y1,244.0,20
25,32,13,2,Tx3y1;Tx1y3,25,Tx3y1;Tx1y3,19,23,Tx0y0;Tx0y2;Tx4y1;Tx4y0;Tx2y1;Tx2y3;Tx2y2;Tx3y1;Tx3y4;Tx3y2;Tx0y3;Tx1y2;Tx3y3;Tx3y0;Tx2y4;Tx2y0;Tx1y0;Tx0y4;Tx4y3;Tx4y2;Tx1y3;Tx1y4;Tx1y1,232.0,20
26,34,14,2,Tx3y1;Tx1y3,26,Tx3y1;Tx1y3,20,24,Tx0y0;Tx0y2;Tx0y1;Tx4y1;Tx2y1;Tx2y3;Tx2y2;Tx3y1;Tx3y4;Tx3y2;Tx0y3;Tx1y2;Tx3y3;Tx3y0;Tx2y4;Tx2y0;Tx1y0;Tx0y4;Tx4y3;Tx4y2;Tx1y3;Tx1y4;Tx1y1;Tx4y0,213.0,20
27,37,16,2,Tx3y1;Tx1y3,27,Tx3y1;Tx1y3,21,25,Tx0y0;Tx0y2;Tx0y1;Tx4y1;Tx2y1;Tx2y3;Tx2y2;Tx3y1;Tx3y4;Tx3y2;Tx0y3;Tx1y2;Tx3y3;Tx3y0;Tx2y4;Tx2y0;Tx1y0;Tx0y4;Tx4y4;Tx4y3;Tx4y2;Tx1y3;Tx1y4;Tx1y1;Tx4y0,169.0,20
0,0,0,0,,0,,0,0,,599.0,21
1,0,0,0,,1,,0,1,Tx0y1,593.0,21
2,3,2,0,,2,,1,2,Tx0y2;Tx0y1,578.0,21
3,3,2,0,,3,,1,3,Tx0y2;Tx0y1;Tx1y2,569.0,21
4,4,2,0,,4,,2,4,Tx0y3;Tx0y2;Tx0y1;Tx1y2,558.0,21
5,7,3,0,,5,,4,5,Tx0y3;Tx0y2;Tx0y1;Tx1y2;Tx2y2,538.0,21
6,8,3,0,,6,Tx1y3,5,6,Tx0y3;Tx0y2;Tx0y1;Tx1y2;Tx2y2;Tx1y3,526.0,21
7,9,3,1,Tx1y3,7,Tx1y3,6,6,Tx0y3;Tx0y2;Tx0y1;Tx1y2;Tx2y2;Tx1y3,511.0,21
8,10,4,1,Tx1y3,8,Tx1y3,6,7,Tx0y3;Tx0y2;Tx0y1;Tx2y2;Tx1y2;Tx1y3;Tx1y4,497.0,21
9,11,4,1,Tx1y3,9,Tx1y3,7,8,Tx0y3;Tx0y2;Tx0y1;Tx2y3;Tx2y2;Tx1y2;Tx1y3;Tx1y4,483.0,21
10,11,4,1,Tx1y3,10,Tx1y3,7,9,Tx0y3;Tx0y2;Tx0y1;Tx2y3;Tx2y2;Tx1y2;Tx3y3;Tx1y3;Tx1y4,475.0,21
11,14,6,1,Tx1y3,11,Tx1y3,8,10,Tx0y3;Tx0y2;Tx0y1;Tx2y3;Tx2y2;Tx1y2;Tx3y3;Tx2y4;Tx1y3;Tx1y4,452.0,21
12,15,6,1,Tx1y3,12,Tx1y3,9,11,Tx0y3;Tx0y2;Tx0y1;Tx2y3;Tx2y2;Tx3y4;Tx1y2;Tx3y3;Tx2y4;Tx1y3;Tx1y4,441.0,21
13,18,8,1,Tx1y3,13,Tx1y3,10,12,Tx0y3;Tx0y2;Tx0y1;Tx2y3;Tx2y2;Tx3y4;Tx1y2;Tx3y3;Tx2y4;Tx3y2;Tx1y3;Tx1y4,415.0,21
14,20,9,1,Tx1y3,14,Tx1y3,11,13,Tx0y3;Tx0y2;Tx0y1;Tx2y1;Tx2y3;Tx2y2;Tx3y4;Tx1y2;Tx3y3;Tx2y4;Tx3y2;Tx1y3;Tx1y4,398.0,21
15,25,11,1,Tx1y3,15,Tx1y3;Tx3y1,14,14,Tx0y3;Tx0y2;Tx0y1;Tx2y1;Tx2y3;Tx2y2;Tx3y1;Tx3y4;Tx1y2;Tx3y3;Tx2y4;Tx3y2;Tx1y3;Tx1y4,363.0,21
16,27,11,2,Tx3y1;Tx1y3,16,Tx1y3;Tx3y1,16,14,Tx0y3;Tx0y2;Tx0y1;Tx2y3;Tx2y2;Tx3y1;Tx3y4;Tx3y2;Tx1y2;Tx3y3;Tx2y4;Tx2y1;Tx1y3;Tx1y4,331.0,21
17,27,11,2,Tx3y1;Tx1y3,17,Tx1y3;Tx3y1,16,15,Tx0y3;Tx0y2;Tx0y1;Tx2y3;Tx2y2;Tx3y1;Tx3y4;Tx3y2;Tx1y2;Tx3y3;Tx2y4;Tx2y1;Tx1y3;Tx1y4;Tx3y0,323.0,21
18,28,11,2,Tx3y1;Tx1y3,18,Tx1y3;Tx3y1,17,16,Tx0y3;Tx0y2;Tx0y1;Tx2y3;Tx2y2;Tx3y1;Tx3y4;Tx3y2;Tx1y2;Tx3y3;Tx2y4;Tx2y1;Tx4y1;Tx1y3;Tx1y4;Tx3y0,311.0,21
19,29,11,2,Tx3y1;Tx1y3,19,Tx1y3;Tx3y1,18,17,Tx0y3;Tx0y2;Tx0y1;Tx2y3;Tx2y2;Tx3y1;Tx3y4;Tx3y2;Tx1y2;Tx3y3;Tx2y4;Tx2y1;Tx2y0;Tx4y1;Tx1y3;Tx1y4;Tx3y0,295.0,21
20,29,11,2,Tx3y1;Tx1y3,20,Tx1y3;Tx3y1,18,18,Tx0y3;Tx0y2;Tx0y1;Tx4y0;Tx2y3;Tx2y2;Tx3y1;Tx3y4;Tx3y2;Tx1y2;Tx3y3;Tx2y4;Tx2y1;Tx2y0;Tx4y1;Tx1y3;Tx1y4;Tx3y0,284.0,21
21,29,11,2,Tx3y1;Tx1y3,21,Tx1y3;Tx3y1,18,19,Tx0y3;Tx0y2;Tx0y1;Tx4y0;Tx2y3;Tx2y2;Tx3y1;Tx3y4;Tx3y2;Tx1y2;Tx3y3;Tx2y4;Tx2y1;Tx2y0;Tx4y1;Tx4y2;Tx1y3;Tx1y4;Tx3y0,273.0,21
22,29,11,2,Tx3y1;Tx1y3,22,Tx1y3;Tx3y1,18,20,Tx0y3;Tx0y2;Tx0y1;Tx4y3;Tx4y0;Tx2y3;Tx2y2;Tx3y1;Tx3y4;Tx3y2;Tx1y2;Tx3y3;Tx2y4;Tx2y1;Tx2y0;Tx4y1;Tx4y2;Tx1y3;Tx1y4;Tx3y0,264.0,21
23,32,12,2,Tx3y1;Tx1y3,23,Tx1y3;Tx3y1,20,21,Tx0y3;Tx0y2;Tx0y1;Tx4y3;Tx4y0;Tx2y3;Tx2y2;Tx3y1;Tx3y4;Tx3y2;Tx1y2;Tx3y3;Tx2y4;Tx2y1;Tx1y0;Tx2y0;Tx4y1;Tx4y2;Tx1y3;Tx1y4;Tx3y0,220.0,21
24,34,13,2,Tx3y1;Tx1y3,24,Tx1y3;Tx3y1,21,22,Tx0y3;Tx0y2;Tx0y1;Tx4y3;Tx4y0;Tx2y3;Tx2y2;Tx3y1;Tx3y4;Tx3y2;Tx1y2;Tx3y3;Tx2y4;Tx2y1;Tx1y0;Tx2y0;Tx4y1;Tx4y2;Tx1y3;Tx1y4;Tx1y1;Tx3y0,188.0,21
25,36,14,2,Tx3y1;Tx1y3,25,Tx1y3;Tx3y1,22,23,Tx0y3;Tx0y2;Tx0y1;Tx4y3;Tx4y0;Tx2y3;Tx2y2;Tx3y1;Tx3y4;Tx3y2;Tx1y2;Tx3y3;Tx2y4;Tx2y1;Tx1y0;Tx0y4;Tx2y0;Tx4y1;Tx4y2;Tx1y3;Tx1y4;Tx1y1;Tx3y0,163.0,21
26,37,14,2,Tx3y1;Tx1y3,26,Tx1y3;Tx3y1,23,24,Tx0y0;Tx0y3;Tx0y2;Tx0y1;Tx4y3;Tx4y0;Tx2y3;Tx2y2;Tx3y1;Tx3y4;Tx3y2;Tx1y2;Tx3y3;Tx2y4;Tx2y1;Tx1y0;Tx0y4;Tx2y0;Tx4y1;Tx4y2;Tx1y3;Tx1y4;Tx1y1;Tx3y0,142.0,21
27,40,16,2,Tx3y1;Tx1y3,27,Tx1y3;Tx3y1,24,25,Tx0y0;Tx0y3;Tx0y2;Tx0y1;Tx4y3;Tx4y0;Tx2y3;Tx2y2;Tx3y1;Tx3y4;Tx3y2;Tx1y2;Tx3y3;Tx2y4;Tx2y1;Tx1y0;Tx0y4;Tx4y4;Tx2y0;Tx4y1;Tx4y2;Tx1y3;Tx1y4;Tx1y1;Tx3y0,106.0,21
0,0,0,0,,0,,0,0,,599.0,22
1,0,0,0,,1,,0,1,Tx0y2,592.0,22
2,1,0,0,,2,,1,2,Tx0y2;Tx1y2,582.0,22
3,2,1,0,,3,,1,3,Tx0y3;Tx0y2;Tx1y2,567.0,22
4,4,2,0,,4,Tx1y3,2,4,Tx0y3;Tx0y2;Tx1y2;Tx1y3,552.0,22
5,6,2,1,Tx1y3,5,Tx1y3,4,4,Tx0y3;Tx0y2;Tx1y2;Tx1y3,536.0,22
6,8,3,1,Tx1y3,6,Tx1y3,5,5,Tx0y3;Tx0y2;Tx1y2;Tx1y3;Tx1y4,520.0,22
7,9,3,1,Tx1y3,7,Tx1y3,6,6,Tx0y3;Tx0y2;Tx2y3;Tx1y2;Tx1y3;Tx1y4,508.0,22
8,9,3,1,Tx1y3,8,Tx1y3,6,7,Tx0y3;Tx0y2;Tx2y3;Tx1y2;Tx3y3;Tx1y3;Tx1y4,500.0,22
9,12,5,1,Tx1y3,9,Tx1y3,7,8,Tx0y3;Tx0y2;Tx2y3;Tx1y2;Tx3y3;Tx2y4;Tx1y3;Tx1y4,478.0,22
10,12,5,1,Tx1y3,10,Tx1y3,7,9,Tx0y3;Tx0y2;Tx2y3;Tx3y4;Tx1y2;Tx3y3;Tx2y4;Tx1y3;Tx1y4,466.0,22
11,15,6,1,Tx1y3,11,Tx1y3,9,10,Tx0y3;Tx0y2;Tx2y3;Tx3y4;Tx1y2;Tx3y3;Tx2y4;Tx0y4;Tx1y3;Tx1y4,441.0,22
12,18,8,1,Tx1y3,12,Tx1y3,10,11,Tx0y3;Tx0y2;Tx2y3;Tx3y4;Tx1y2;Tx3y3;Tx2y4;Tx0y4;Tx3y2;Tx1y3;Tx1y4,416.0,22
13,20,9,1,Tx1y3,13,Tx1y3,11,12,Tx0y3;Tx0y2;Tx2y3;Tx3y4;Tx1y2;Tx3y3;Tx2y4;Tx0y4;Tx3y2;Tx4y3;Tx1y3;Tx1y4,402.0,22
14,20,9,1,Tx1y3,14,Tx1y3;Tx3y1,11,13,Tx0y3;Tx0y2;Tx2y3;Tx3y1;Tx3y4;Tx1y2;Tx3y3;Tx2y4;Tx0y4;Tx3y2;Tx4y3;Tx1y3;Tx1y4,389.0,22
15,22,9,2,Tx3y1;Tx1y3,15,Tx1y3;Tx3y1,13,13,Tx0y3;Tx0y2;Tx2y3;Tx3y1;Tx3y4;Tx3y2;Tx1y2;Tx3y3;Tx2y4;Tx0y4;Tx4y3;Tx1y3;Tx1y4,375.0,22
16,22,9,2,Tx3y1;Tx1y3,16,Tx1y3;Tx3y1,13,14,Tx0y3;Tx0y2;Tx2y3;Tx3y1;Tx3y4;Tx3y2;Tx1y2;Tx3y3;Tx3y0;Tx2y4;Tx0y4;Tx4y3;Tx1y3;Tx1y4,366.0,22
17,23,9,2,Tx3y1;Tx1y3,17,Tx1y3;Tx3y1,14,15,Tx0y3;Tx0y2;Tx4y1;Tx2y3;Tx3y1;Tx3y4;Tx3y2;Tx1y2;Tx3y3;Tx3y0;Tx2y4;Tx0y4;Tx4y3;Tx1y3;Tx1y4,355.0,22
18,24,9,2,Tx3y1;Tx1y3,18,Tx1y3;Tx3y1,15,16,Tx0y3;Tx0y2;Tx4y1;Tx2y1;Tx2y3;Tx3y1;Tx3y4;Tx3y2;Tx1y2;Tx3y3;Tx3y0;Tx2y4;Tx0y4;Tx4y3;Tx1y3;Tx1y4,342.0,22
19,25,9,2,Tx3y1;Tx1y3,19,Tx1y3;Tx3y1,16,17,Tx0y3;Tx0y2;Tx4y1;Tx4y0;Tx2y1;Tx2y3;Tx3y1;Tx3y4;Tx3y2;Tx1y2;Tx3y3;Tx3y0;Tx2y4;Tx0y4;Tx4y3;Tx1y3;Tx1y4,326.0,22
20,25,9,2,Tx3y1;Tx1y3,20,Tx1y3;Tx3y1,16,18,Tx0y3;Tx0y2;Tx4y1;Tx4y0;Tx2y1;Tx2y3;Tx3y1;Tx3y4;Tx3y2;Tx1y2;Tx3y3;Tx3y0;Tx2y4;Tx0y4;Tx2y0;Tx4y3;Tx1y3;Tx1y4,316.0,22
21,27,10,2,Tx3y1;Tx1y3,21,Tx3y1;Tx1y3,17,19,Tx0y3;Tx0y2;Tx4y1;Tx4y0;Tx2y1;Tx2y3;Tx3y1;Tx3y4;Tx3y2;Tx1y2;Tx3y3;Tx3y0;Tx2y4;Tx0y4;Tx2y0;Tx4y3;Tx4y2;Tx1y3;Tx1y4,297.0,22
22,30,12,2,Tx3y1;Tx1y3,22,Tx3y1;Tx1y3,18,20,Tx0y3;Tx0y2;Tx4y1;Tx4y0;Tx2y1;Tx2y3;Tx3y1;Tx3y4;Tx3y2;Tx1y2;Tx3y3;Tx3y0;Tx2y4;Tx1y0;Tx0y4;Tx2y0;Tx4y3;Tx4y2;Tx1y3;Tx1y4,264.0,22
23,30,12,2,Tx3y1;Tx1y3,23,Tx3y1;Tx1y3,18,21,Tx0y0;Tx0y3;Tx0y2;Tx4y1;Tx4y0;Tx2y1;Tx2y3;Tx3y1;Tx3y4;Tx3y2;Tx1y2;Tx3y3;Tx3y0;Tx2y4;Tx1y0;Tx0y4;Tx2y0;Tx4y3;Tx4y2;Tx1y3;Tx1y4,255.0,22
24,34,15,2,Tx3y1;Tx1y3,24,Tx3y1;Tx1y3,19,22,Tx0y0;Tx0y3;Tx0y2;Tx4y1;Tx2y1;Tx2y3;Tx3y1;Tx3y4;Tx3y2;Tx1y2;Tx3y3;Tx3y0;Tx2y4;Tx1y0;Tx0y4;Tx2y0;Tx4y3;Tx4y2;Tx1y3;Tx1y4;Tx1y1;Tx4y0,229.0,22
25,35,15,2,Tx3y1;Tx1y3,25,Tx3y1;Tx1y3,20,23,Tx0y0;Tx0y3;Tx0y2;Tx4y1;Tx2y1;Tx2y3;Tx2y2;Tx3y1;Tx3y4;Tx3y2;Tx1y2;Tx3y3;Tx3y0;Tx2y4;Tx1y0;Tx0y4;Tx2y0;Tx4y3;Tx4y2;Tx1y3;Tx1y4;Tx1y1;Tx4y0,217.0,22
26,38,17,2,Tx3y1;Tx1y3,26,Tx3y1;Tx1y3,21,24,Tx0y0;Tx0y3;Tx0y2;Tx0y1;Tx4y3;Tx2y1;Tx2y3;Tx2y2;Tx3y1;Tx3y4;Tx3y2;Tx1y2;Tx3y3;Tx3y0;Tx2y4;Tx1y0;Tx0y4;Tx2y0;Tx4y1;Tx4y2;Tx1y3;Tx1y4;Tx1y1;Tx4y0,183.0,22
27,40,18,2,Tx3y1;Tx1y3,27,Tx1y3;Tx3y1,22,25,Tx0y0;Tx0y3;Tx0y2;Tx0y1;Tx4y3;Tx2y1;Tx2y3;Tx2y2;Tx3y1;Tx3y4;Tx3y2;Tx1y2;Tx3y3;Tx3y0;Tx2y4;Tx1y0;Tx0y4;Tx4y4;Tx2y0;Tx4y1;Tx4y2;Tx1y3;Tx1y4;Tx1y1;Tx4y0,157.0,22
0,0,0,0,,0,,0,0,,599.0,23
1,0,0,0,,1,,0,1,Tx0y3,592.0,23
2,2,1,0,,2,,1,2,Tx0y3;Tx0y4,579.0,23
3,3,2,0,,3,Tx1y3,1,3,Tx0y3;Tx0y4;Tx1y3,567.0,23
4,6,2,1,Tx1y3,4,Tx1y3,4,3,Tx0y3;Tx0y4;Tx1y3,537.0,23
5,7,2,1,Tx1y3,5,Tx1y3,5,4,Tx0y3;Tx2y3;Tx0y4;Tx1y3,526.0,23
6,8,2,1,Tx1y3,6,Tx1y3,6,5,Tx0y3;Tx2y3;Tx0y4;Tx1y2;Tx1y3,514.0,23
7,8,2,1,Tx1y3,7,Tx1y3,6,6,Tx0y3;Tx2y3;Tx2y2;Tx0y4;Tx1y2;Tx1y3,505.0,23
8,10,3,1,Tx1y3,8,Tx1y3,7,7,Tx0y3;Tx2y3;Tx2y2;Tx1y2;Tx0y4;Tx1y3;Tx1y1,486.0,23
9,12,4,1,Tx1y3,9,Tx1y3,8,8,Tx0y3;Tx2y3;Tx2y2;Tx1y2;Tx3y3;Tx0y4;Tx1y3;Tx1y1,460.0,23
10,15,6,1,Tx1y3,10,Tx1y3,9,9,Tx0y3;Tx2y3;Tx2y2;Tx1y2;Tx3y3;Tx2y4;Tx0y4;Tx1y3;Tx1y1,437.0,23
11,16,6,1,Tx1y3,11,Tx1y3,10,10,Tx0y3;Tx2y3;Tx2y2;Tx1y2;Tx3y3;Tx2y4;Tx3y4;Tx0y4;Tx1y3;Tx1y1,427.0,23
12,19,8,1,Tx1y3,12,Tx1y3,11,11,Tx0y3;Tx2y3;Tx2y2;Tx3y2;Tx1y2;Tx3y3;Tx2y4;Tx0y4;Tx1y3;Tx1y1;Tx3y4,400.0,23
13,22,9,1,Tx1y3,13,Tx1y3,13,12,Tx0y3;Tx2y1;Tx2y3;Tx2y2;Tx3y2;Tx1y2;Tx3y3;Tx2y4;Tx3y4;Tx0y4;Tx1y3;Tx1y1,381.0,23
14,22,9,1,Tx1y3,14,Tx1y3;Tx3y1,13,13,Tx0y3;Tx2y1;Tx2y3;Tx2y2;Tx3y2;Tx1y2;Tx3y3;Tx2y4;Tx3y1;Tx3y4;Tx0y4;Tx1y3;Tx1y1,372.0,23
15,23,9,2,Tx3y1;Tx1y3,15,Tx1y3;Tx3y1,14,13,Tx0y3;Tx2y3;Tx2y2;Tx3y2;Tx1y2;Tx3y3;Tx2y4;Tx3y1;Tx2y1;Tx3y4;Tx0y4;Tx1y3;Tx1y1,356.0,23
16,23,9,2,Tx3y1;Tx1y3,16,Tx3y1;Tx1y3,14,14,Tx0y3;Tx2y3;Tx2y2;Tx3y2;Tx1y2;Tx3y3;Tx3y0;Tx2y4;Tx3y1;Tx2y1;Tx3y4;Tx0y4;Tx1y3;Tx1y1,345.0,23
17,24,9,2,Tx3y1;Tx1y3,17,Tx3y1;Tx1y3,15,15,Tx0y3;Tx2y3;Tx2y2;Tx3y2;Tx1y2;Tx3y3;Tx3y0;Tx2y4;Tx3y1;Tx2y1;Tx3y4;Tx0y4;Tx4y1;Tx1y3;Tx1y1,334.0,23
18,25,9,2,Tx3y1;Tx1y3,18,Tx3y1;Tx1y3,16,16,Tx0y3;Tx2y3;Tx2y2;Tx3y4;Tx3y2;Tx1y2;Tx3y3;Tx3y0;Tx2y4;Tx3y1;Tx2y1;Tx0y4;Tx2y0;Tx4y1;Tx1y3;Tx1y1,321.0,23
19,26,9,2,Tx3y1;Tx1y3,19,Tx3y1;Tx1y3,17,17,Tx0y3;Tx4y0;Tx2y3;Tx2y2;Tx3y4;Tx3y2;Tx1y2;Tx3y3;Tx3y0;Tx2y4;Tx3y1;Tx2y1;Tx0y4;Tx2y0;Tx4y1;Tx1y3;Tx1y1,308.0,23
20,26,9,2,Tx3y1;Tx1y3,20,Tx3y1;Tx1y3,17,18,Tx0y3;Tx4y3;Tx4y0;Tx2y3;Tx2y2;Tx3y4;Tx3y2;Tx1y2;Tx3y3;Tx3y0;Tx2y4;Tx3y1;Tx2y1;Tx0y4;Tx2y0;Tx4y1;Tx1y3;Tx1y1,296.0,23
21,27,9,2,Tx3y1;Tx1y3,21,Tx3y1;Tx1y3,18,19,Tx0y3;Tx4y3;Tx4y0;Tx2y3;Tx2y2;Tx3y4;Tx3y2;Tx1y2;Tx3y3;Tx3y0;Tx2y4;Tx3y1;Tx2y1;Tx0y4;Tx2y0;Tx4y1;Tx4y2;Tx1y3;Tx1y1,283.0,23
22,28,10,2,Tx3y1;Tx1y3,22,Tx3y1;Tx1y3,18,20,Tx0y3;Tx4y3;Tx4y0;Tx2y3;Tx2y2;Tx3y4;Tx3y2;Tx1y2;Tx3y3;Tx3y0;Tx2y4;Tx3y1;Tx2y1;Tx1y0;Tx0y4;Tx2y0;Tx4y1;Tx4y2;Tx1y3;Tx1y1,260.0,23
23,30,11,2,Tx3y1;Tx1y3,23,Tx3y1;Tx1y3,19,21,Tx0y3;Tx0y1;Tx4y3;Tx2y3;Tx2y2;Tx3y4;Tx3y2;Tx1y2;Tx3y3;Tx3y0;Tx2y4;Tx3y1;Tx2y1;Tx1y0;Tx0y4;Tx2y0;Tx4y1;Tx4y2;Tx1y3;Tx1y1;Tx4y0,242.0,23
24,34,13,2,Tx3y1;Tx1y3,24,Tx3y1;Tx1y3,21,22,Tx0y0;Tx0y3;Tx0y1;Tx4y3;Tx2y3;Tx2y2;Tx3y4;Tx3y2;Tx1y2;Tx3y3;Tx3y0;Tx2y4;Tx3y1;Tx2y1;Tx1y0;Tx0y4;Tx2y0;Tx4y1;Tx4y2;Tx1y3;Tx1y1;Tx4y0,209.0,23
25,36,15,2,Tx3y1;Tx1y3,25,Tx3y1;Tx1y3,21,23,Tx0y0;Tx0y3;Tx0y1;Tx4y1;Tx2y3;Tx2y2;Tx3y2;Tx1y2;Tx3y3;Tx3y0;Tx2y4;Tx3y1;Tx2y1;Tx1y0;Tx3y4;Tx0y4;Tx2y0;Tx4y3;Tx4y2;Tx1y3;Tx1y4;Tx1y1;Tx4y0,178.0,23
26,37,15,2,Tx3y1;Tx1y3,26,Tx3y1;Tx1y3,22,24,Tx0y0;Tx0y3;Tx0y2;Tx0y1;Tx4y1;Tx2y3;Tx2y2;Tx3y2;Tx1y2;Tx3y3;Tx3y0;Tx2y4;Tx3y1;Tx2y1;Tx1y0;Tx3y4;Tx0y4;Tx2y0;Tx4y3;Tx4y2;Tx1y3;Tx1y4;Tx1y1;Tx4y0,164.0,23
27,42,18,2,Tx3y1;Tx1y3,27,Tx3y1;Tx1y3,24,25,Tx0y0;Tx0y3;Tx0y2;Tx0y1;Tx4y1;Tx2y3;Tx2y2;Tx3y2;Tx1y2;Tx3y3;Tx3y0;Tx2y4;Tx3y1;Tx2y1;Tx1y0;Tx3y4;Tx0y4;Tx4y4;Tx2y0;Tx4y3;Tx4y2;Tx1y3;Tx1y4;Tx1y1;Tx4y0,122.0,23
0,0,0,0,,0,,0,0,,599.0,24
1,0,0,0,,1,,0,1,Tx0y4,593.0,24
2,2,1,0,,2,,1,2,Tx0y3;Tx0y4,580.0,24
3,3,2,0,,3,Tx1y3,1,3,Tx0y3;Tx0y4;Tx1y3,569.0,24
4,4,2,1,Tx1y3,4,Tx1y3,2,3,Tx0y3;Tx0y4;Tx1y3,554.0,24
5,7,2,1,Tx1y3,5,Tx1y3,5,4,Tx0y3;Tx2y3;Tx0y4;Tx1y3,526.0,24
6,8,2,1,Tx1y3,6,Tx1y3,6,5,Tx0y3;Tx2y3;Tx0y4;Tx1y2;Tx1y3,499.0,24
7,9,2,1,Tx1y3,7,Tx1y3,7,6,Tx0y3;Tx2y3;Tx2y2;Tx0y4;Tx1y2;Tx1y3,486.0,24
8,10,3,1,Tx1y3,8,Tx1y3,7,7,Tx0y3;Tx2y3;Tx2y2;Tx1y2;Tx0y4;Tx1y3;Tx1y1,471.0,24
9,13,4,1,Tx1y3,9,Tx1y3,9,8,Tx0y3;Tx2y3;Tx2y2;Tx1y2;Tx3y3;Tx0y4;Tx1y3;Tx1y1,445.0,24
10,16,6,1,Tx1y3,10,Tx1y3,10,9,Tx0y3;Tx2y3;Tx2y2;Tx1y2;Tx3y3;Tx2y4;Tx0y4;Tx1y3;Tx1y1,421.0,24
11,17,6,1,Tx1y3,11,Tx1y3,11,10,Tx0y3;Tx2y3;Tx2y2;Tx1y2;Tx3y3;Tx2y4;Tx3y4;Tx0y4;Tx1y3;Tx1y1,406.0,24
12,21,8,1,Tx1y3,12,Tx1y3,13,11,Tx0y3;Tx2y3;Tx2y2;Tx3y2;Tx1y2;Tx3y3;Tx2y4;Tx0y4;Tx1y3;Tx1y1;Tx3y4,372.0,24
13,23,9,1,Tx1y3,13,Tx1y3,14,12,Tx0y3;Tx2y1;Tx2y3;Tx2y2;Tx3y2;Tx1y2;Tx3y3;Tx2y4;Tx3y4;Tx0y4;Tx1y3;Tx1y1,358.0,24
14,24,9,1,Tx1y3,14,Tx1y3;Tx3y1,15,13,Tx0y3;Tx2y3;Tx2y2;Tx3y1;Tx3y2;Tx1y2;Tx3y3;Tx2y4;Tx2y1;Tx3y4;Tx0y4;Tx1y3;Tx1y1,345.0,24
15,25,9,2,Tx3y1;Tx1y3,15,Tx3y1;Tx1y3,16,13,Tx0y3;Tx2y3;Tx2y2;Tx3y1;Tx3y2;Tx1y2;Tx3y3;Tx2y4;Tx2y1;Tx3y4;Tx0y4;Tx1y3;Tx1y1,330.0,24
16,25,9,2,Tx3y1;Tx1y3,16,Tx3y1;Tx1y3,16,14,Tx0y3;Tx2y3;Tx2y2;Tx3y1;Tx3y2;Tx1y2;Tx3y3;Tx3y0;Tx2y4;Tx2y1;Tx3y4;Tx0y4;Tx1y3;Tx1y1,322.0,24
17,26,9,2,Tx3y1;Tx1y3,17,Tx3y1;Tx1y3,17,15,Tx0y3;Tx2y3;Tx2y2;Tx3y1;Tx3y2;Tx1y2;Tx3y3;Tx3y0;Tx2y4;Tx2y1;Tx3y4;Tx0y4;Tx4y1;Tx1y3;Tx1y1,311.0,24
18,26,9,2,Tx3y1;Tx1y3,18,Tx3y1;Tx1y3,17,16,Tx0y3;Tx2y3;Tx2y2;Tx3y1;Tx3y2;Tx1y2;Tx3y3;Tx3y0;Tx2y4;Tx2y1;Tx3y4;Tx0y4;Tx4y1;Tx1y3;Tx1y1;Tx4y0,301.0,24
19,27,9,2,Tx3y1;Tx1y3,19,Tx3y1;Tx1y3,18,17,Tx0y3;Tx2y3;Tx2y2;Tx3y1;Tx3y4;Tx3y2;Tx1y2;Tx3y3;Tx3y0;Tx2y4;Tx2y1;Tx0y4;Tx2y0;Tx4y1;Tx1y3;Tx1y1;Tx4y0,289.0,24
20,28,10,2,Tx3y1;Tx1y3,20,Tx3y1;Tx1y3,18,18,Tx0y3;Tx2y3;Tx2y2;Tx3y1;Tx3y4;Tx3y2;Tx1y2;Tx3y3;Tx3y0;Tx2y4;Tx2y1;Tx1y0;Tx0y4;Tx2y0;Tx4y1;Tx1y3;Tx1y1;Tx4y0,270.0,24
21,30,11,2,Tx3y1;Tx1y3,21,Tx3y1;Tx1y3,19,19,Tx0y3;Tx4y3;Tx2y3;Tx2y2;Tx3y1;Tx3y4;Tx3y2;Tx1y2;Tx3y3;Tx3y0;Tx2y4;Tx2y1;Tx1y0;Tx0y4;Tx2y0;Tx4y1;Tx1y3;Tx1y1;Tx4y0,242.0,24
22,30,11,2,Tx3y1;Tx1y3,22,Tx3y1;Tx1y3,19,20,Tx0y3;Tx4y3;Tx2y3;Tx2y2;Tx3y1;Tx3y4;Tx3y2;Tx1y2;Tx3y3;Tx3y0;Tx2y4;Tx2y1;Tx1y0;Tx0y4;Tx2y0;Tx4y1;Tx4y2;Tx1y3;Tx1y1;Tx4y0,232.0,24
23,33,12,2,Tx3y1;Tx1y3,23,Tx3y1;Tx1y3,21,21,Tx0y3;Tx0y1;Tx4y3;Tx2y3;Tx2y2;Tx3y1;Tx3y4;Tx3y2;Tx1y2;Tx4y0;Tx3y3;Tx3y0;Tx2y4;Tx2y1;Tx1y0;Tx0y4;Tx2y0;Tx4y1;Tx4y2;Tx1y3;Tx1y1,205.0,24
24,36,13,2,Tx3y1;Tx1y3,24,Tx3y1;Tx1y3,23,22,Tx0y3;Tx0y2;Tx0y1;Tx4y3;Tx2y3;Tx2y2;Tx3y1;Tx3y4;Tx3y2;Tx1y2;Tx4y0;Tx3y3;Tx3y0;Tx2y4;Tx2y1;Tx1y0;Tx0y4;Tx2y0;Tx4y1;Tx4y2;Tx1y3;Tx1y1,159.0,24
25,38,14,2,Tx3y1;Tx1y3,25,Tx3y1;Tx1y3,24,23,Tx0y3;Tx0y2;Tx0y1;Tx4y1;Tx2y3;Tx2y2;Tx3y1;Tx3y4;Tx3y2;Tx1y2;Tx4y0;Tx3y3;Tx3y0;Tx2y4;Tx2y1;Tx1y0;Tx0y4;Tx2y0;Tx4y3;Tx4y2;Tx1y3;Tx1y4;Tx1y1,138.0,24
26,42,15,2,Tx3y1;Tx1y3,26,Tx3y1;Tx1y3,27,24,Tx0y0;Tx0y3;Tx0y2;Tx0y1;Tx4y1;Tx2y3;Tx2y2;Tx3y1;Tx3y4;Tx3y2;Tx1y2;Tx4y0;Tx3y3;Tx3y0;Tx2y4;Tx2y1;Tx1y0;Tx0y4;Tx2y0;Tx4y3;Tx4y2;Tx1y3;Tx1y4;Tx1y1,46.0,24
27,46,17,2,Tx3y1;Tx1y3,27,Tx1y3;Tx3y1,29,25,Tx0y0;Tx0y3;Tx0y2;Tx0y1;Tx4y1;Tx2y3;Tx2y2;Tx3y1;Tx3y2;Tx1y2;Tx4y0;Tx3y3;Tx3y0;Tx2y4;Tx2y1;Tx1y0;Tx3y4;Tx0y4;Tx4y4;Tx2y0;Tx4y3;Tx4y2;Tx1y3;Tx1y4;Tx1y1,1.0,24
